-- MySQL dump 10.13  Distrib 5.5.41, for debian-linux-gnu (x86_64)
--
-- Host: localhost    Database: core
-- ------------------------------------------------------
-- Server version	5.5.41-0ubuntu0.14.04.1

/*!40101 SET @OLD_CHARACTER_SET_CLIENT=@@CHARACTER_SET_CLIENT */;
/*!40101 SET @OLD_CHARACTER_SET_RESULTS=@@CHARACTER_SET_RESULTS */;
/*!40101 SET @OLD_COLLATION_CONNECTION=@@COLLATION_CONNECTION */;
/*!40101 SET NAMES utf8 */;
/*!40103 SET @OLD_TIME_ZONE=@@TIME_ZONE */;
/*!40103 SET TIME_ZONE='+00:00' */;
/*!40014 SET @OLD_UNIQUE_CHECKS=@@UNIQUE_CHECKS, UNIQUE_CHECKS=0 */;
/*!40014 SET @OLD_FOREIGN_KEY_CHECKS=@@FOREIGN_KEY_CHECKS, FOREIGN_KEY_CHECKS=0 */;
/*!40101 SET @OLD_SQL_MODE=@@SQL_MODE, SQL_MODE='NO_AUTO_VALUE_ON_ZERO' */;
/*!40111 SET @OLD_SQL_NOTES=@@SQL_NOTES, SQL_NOTES=0 */;

--
-- Table structure for table `account`
--

DROP TABLE IF EXISTS `account`;
/*!40101 SET @saved_cs_client     = @@character_set_client */;
/*!40101 SET character_set_client = utf8 */;
CREATE TABLE `account` (
  `id` int(10) unsigned NOT NULL AUTO_INCREMENT,
  `email` varchar(255) COLLATE utf8_unicode_ci NOT NULL,
  `password` varchar(255) COLLATE utf8_unicode_ci NOT NULL,
  `token` varchar(256) COLLATE utf8_unicode_ci NOT NULL,
  `created_at` datetime NOT NULL,
  `updated_at` datetime NOT NULL,
  `deleted_at` datetime NOT NULL,
  PRIMARY KEY (`id`)
) ENGINE=InnoDB AUTO_INCREMENT=174 DEFAULT CHARSET=utf8 COLLATE=utf8_unicode_ci;
/*!40101 SET character_set_client = @saved_cs_client */;

--
-- Dumping data for table `account`
--

LOCK TABLES `account` WRITE;
/*!40000 ALTER TABLE `account` DISABLE KEYS */;
INSERT INTO `account` VALUES (12,'idolkorrio@gmail.com','$2y$08$COY4yyilZt2tFlWgLFIP8eXiW6y6dQdrPuliLPjaIPxVGyhuj1aEy','$2y$08$Phiu6Sr7nVO2J17rCkuq9e4b4/VZT4cJkjohJu6Fku8hyf6ArvDh.','2015-10-07 15:52:20','2015-11-24 17:37:03','0000-00-00 00:00:00'),(13,'folkrice.th@gmail.com','$2y$08$AuqOFLirgXIcZr2Uk1YTHu4g552YjV0RYNYTwMCGLwPvj42NQC4QG','$2y$08$KfR.Mg6MMVZWDfAc0GmCM.rz7W9t9Yc1Ba1TeStdjHVHfWY8gjSFC','2015-10-08 06:33:01','2015-11-23 03:34:50','0000-00-00 00:00:00'),(32,'james@mail.com','$2y$08$D8JVULPmZe865MIvND0LaOygn0Qp0TBoFXLsfawz1q9/c3DYjk5pG','','2015-10-10 15:25:53','2015-10-10 15:25:53','0000-00-00 00:00:00'),(42,'sattboot1@Gmail. com','$2y$08$ve1B89IcfZya.nn.BToj9uCTaVHIl7GY6tAQcba3aqAiKvM09ztda','','2015-10-11 13:55:49','2015-10-11 13:55:49','0000-00-00 00:00:00'),(142,'1446726214@gmail.com','$2y$08$LURWJ4xsJo9CwoFZGr1hgOj9IgcrD2LXFpZWktxRtkfOTBgCPttSK','','2015-11-05 12:23:34','2015-11-05 12:23:34','0000-00-00 00:00:00'),(143,'1446726214@gmail.com','$2y$08$MDJ5FgVs7aeVewjnus5muuII6YsKmRoiEDXHjc.SDgqnkvbQ9axMa','','2015-11-05 12:23:34','2015-11-05 12:23:34','0000-00-00 00:00:00'),(144,'1446732335@gmail.com','$2y$08$cxDFIqwMrAL43cVUs5ApX.PCZBNAgUq5ABNRrreK/Kcv1ymVjPmn.','','2015-11-05 14:05:35','2015-11-05 14:05:35','0000-00-00 00:00:00'),(145,'1446732335@gmail.com','$2y$08$ShzWuAOPYiLITnOgXubHkeOsw2Rk6UIuB.zd9qbzvMriksbuhwkoC','','2015-11-05 14:05:35','2015-11-05 14:05:35','0000-00-00 00:00:00'),(146,'1446781981@gmail.com','$2y$08$Ic76BTZEvk3qxMj5SMrat.8jLNYquMZYEuiGz.DrTOjZOgkYnEz8y','','2015-11-06 03:53:01','2015-11-06 03:53:01','0000-00-00 00:00:00'),(147,'1446781981@gmail.com','$2y$08$e7OQyW0QCHoIJCnMMUSxJec9yQm1nXA3Y7zhWxYUieg6fSnomHcPa','','2015-11-06 03:53:01','2015-11-06 03:53:01','0000-00-00 00:00:00'),(148,'1447161993@gmail.com','$2y$08$B/kSs1Q24.DcOusuWB/zCO6sSEOGsch.ullo1k0WtGRpokY1UA80m','','2015-11-10 13:26:32','2015-11-10 13:26:32','0000-00-00 00:00:00'),(149,'1447161993@gmail.com','$2y$08$i/98oh87U2SXS/KjwWES4eFUkoXC/8OOnYyWqqfBKlLeRNIKX56V6','','2015-11-10 13:26:32','2015-11-10 13:26:32','0000-00-00 00:00:00'),(150,'1447225338@gmail.com','$2y$08$SCIp22DOP.XvRXeyDWZFTehQFI0939hmG/zLBwUAsNRgEJMxaC0TC','$2y$08$q//zIheopSPKKO6ajNBb/u7e/Snbk1iivJ9qn.oSL7Itw.yH.tgXS','2015-11-11 07:02:18','2015-11-18 13:10:33','0000-00-00 00:00:00'),(151,'','$2y$08$E4mDnN9ukBB2e1/7MeO6nero.yNGY3o343drS72c0CSZ2fVRAIYI6','','2015-11-11 15:09:50','2015-11-11 15:09:50','0000-00-00 00:00:00'),(152,'test@test.com','$2y$08$Mt.V6YfyWsrvCpWNp.kUK.egcFxDy1G.27kjWzOUEtgIWh8fnXjsa','$2y$08$fzrOzOgySYctq8j2If8PCOKr4BWox1GK/aDgjOTb5p6fUGl0vqljG','2015-11-12 06:57:13','2015-11-14 06:31:10','0000-00-00 00:00:00'),(153,'nnppdb_six@hotmail.com','$2y$08$RnjVR95Xl.62llD7K5tYXeQwObpAVWXt5EgmGUYZFi1dlUTYhD/vC','','2015-11-12 14:40:50','2015-11-12 14:40:50','0000-00-00 00:00:00'),(154,'test@test2.com','$2y$08$uAjClMM04loReKlA3qIgCunok03UY9CgtywApiRZw4skdW8Y1BHt.','','2015-11-13 04:39:13','2015-11-13 04:39:13','0000-00-00 00:00:00'),(155,'chonlakant@Gmail.com','$2y$08$n51vWup3TVH4GSIHG/7mYe7sPasI3GVI.uQQN5nU2W4fmaTKakcce','','2015-11-13 11:35:03','2015-11-13 11:35:03','0000-00-00 00:00:00'),(156,'1447424039@gmail.com','$2y$08$nBWmzpp9FWGyqFnxJxkBW.YlTrdNl8XXpoFV5EQOATG6G4ebgP0Pq','$2y$08$78qn6mSaNbqwWoOj5exVnuvVF9mDqSch6WqQ35ff8GkidzlCYvay6','2015-11-13 14:13:59','2015-11-13 14:14:03','0000-00-00 00:00:00'),(157,'1447424039@gmail.com','$2y$08$wZrtI7GqI2BPGNUY3D0SOO.V.YtR2i9cPtKRIu3HHZxdgrGREgxNm','','2015-11-13 14:13:59','2015-11-13 14:13:59','0000-00-00 00:00:00'),(158,'test@test.com2','$2y$08$EqfmQeLOqcI7KpYCsU7GGuykvwjiufj88HD/kHh7crnuRR03AMVMW','$2y$08$JVSnS7.x7VdseN80vpMVf.1rsifd3sWaJvol/fIFL8C3MuxmGpnpC','2015-11-14 06:25:16','2015-11-14 06:36:41','0000-00-00 00:00:00'),(159,'haha@gmail.com','$2y$08$qWpJOZ4DJs9WJENlwo6gE.KAam9lg7g.UPwqAxXCzgr0BmcJc.8em','','2015-11-14 07:39:02','2015-11-14 07:39:02','0000-00-00 00:00:00'),(160,'test@test.com3','$2y$08$P9MXIAm.ULOyYhM.StLQP.88RqNPfT.7Y9wI06fG9CtzyTad3XEOS','','2015-11-14 08:13:19','2015-11-14 08:13:19','0000-00-00 00:00:00'),(161,'1447579287@gmail.com','$2y$08$py8CtTweXfs7NWs0k5mut.vDRbqP609UAyGan9jU4Jj3.QIvnff7K','','2015-11-15 09:21:27','2015-11-15 09:21:27','0000-00-00 00:00:00'),(162,'1447579286@gmail.com','$2y$08$82WmqCUgE2p/KerVIAdv1O4p3TgqgweMiGKGlz.wBarMV8i3r/jN2','$2y$08$2EY7UbyrhkcANxekEWCwuuPLB/ztSKFgyTe6lZcYrILjdy7h4Hemi','2015-11-15 09:21:27','2015-11-24 06:01:12','0000-00-00 00:00:00'),(163,'1447597424@gmail.com','$2y$08$QENMZWhh9POJxTPxS3qbPOLGU6BHIOCyE.xe9NkrJzQzi.firT.Zm','','2015-11-15 14:23:44','2015-11-15 14:23:44','0000-00-00 00:00:00'),(164,'1447597425@gmail.com','$2y$08$x2N1dd/.b9BV/P3fEbdZP.oUyBWWODg6LuzMvb4PttFUSYgr52K2K','$2y$08$u4jkA5szOEC30oOyXUXJMeZ.wNuik0Of92MALRiMpD6BpFkggl9xa','2015-11-15 14:23:44','2015-11-15 14:23:49','0000-00-00 00:00:00'),(165,'1447647825@gmail.com','$2y$08$rrP7kcbmizTNpt91EzR6wuMW/Ia2av64l7g0crHeEWtkHyJd3zCHu','$2y$08$MzDVPXIqEnL7OUnR1YDLcOEAh/mDNYBxb9QX9ObkO/zFLzkXf9jMC','2015-11-16 04:23:45','2015-11-16 04:23:49','0000-00-00 00:00:00'),(166,'1447751342@gmail.com','$2y$08$uREajEKbSAI6ewTUt8wA7eaiGmvmPXxj7yCf47.xBB5rim.mAPwh.','$2y$08$TcPlV/Oa.AfwnY.G6xooK.nOP.HBgIIN4H3cqMp5SeyEoZhhU/aD.','2015-11-17 09:09:02','2015-11-17 09:09:10','0000-00-00 00:00:00'),(167,'1447824521@gmail.com','$2y$08$1SnaWW4AVOvuUD/DMqRdcOKh9Xpx8dTE8gn8Y7Tgg70MdsrOZx31a','$2y$08$0yrL8O8ttuA80uju8.uLc.g.S7THxmgaiv0s5KMY81zNg6gF3UtwO','2015-11-18 05:28:42','2015-11-18 05:28:45','0000-00-00 00:00:00'),(168,'1448341439@gmail.com','$2y$08$iKy7fZIomY62j49iGSWApO8Ka/Qkg7LsNy5wpjAIMjCd3kJTnWfMi','$2y$08$6zY38hA.PXlPfOZ3QLQzzeStEdmt23530heB2Q/Fv.Rn8LbXivgki','2015-11-24 05:03:59','2015-11-24 05:04:02','0000-00-00 00:00:00'),(169,'1448341439@gmail.com','$2y$08$u02jlB2XXOb6kfZGyQVSc.NXmAiBWfJymzofP5DV5Z11Vsl4Wz7vK','','2015-11-24 05:03:59','2015-11-24 05:03:59','0000-00-00 00:00:00'),(170,'folkrice.2th@gmail.com','$2y$08$PkUoFGpAkZMUCBTVXiUTFuMIghNiSmyFOPoi83tPd1pmh6tt1KWgW','','2015-11-24 14:35:02','2015-11-24 14:35:02','0000-00-00 00:00:00'),(171,'folkce.2th@gmail.com','$2y$08$ZqyekabtS4wF7E40KEZ0J.DqGCl1hAlgTsp1AdXnzPF75KVd0cDkO','','2015-11-24 15:46:14','2015-11-24 15:46:14','0000-00-00 00:00:00'),(172,'1448382953@gmail.com','$2y$08$GeTofmNYFNeBlGVPRKzeFOZTSNrUNyI5mJELYTTcuYdNZPVMUMgNS','$2y$08$com.c8wdFAadOz2sgRS9UObi6W852dGiS4ZeA6nLWI2yPMHQmBGam','2015-11-24 16:35:53','2015-11-24 16:36:09','0000-00-00 00:00:00'),(173,'1448382953@gmail.com','$2y$08$zb1dgVjb7OtXj749f3IEJu8pWQeV3WercWlvz78s9GmA/xM.TYJiW','','2015-11-24 16:35:53','2015-11-24 16:35:53','0000-00-00 00:00:00');
/*!40000 ALTER TABLE `account` ENABLE KEYS */;
UNLOCK TABLES;

--
-- Table structure for table `category`
--

DROP TABLE IF EXISTS `category`;
/*!40101 SET @saved_cs_client     = @@character_set_client */;
/*!40101 SET character_set_client = utf8 */;
CREATE TABLE `category` (
  `id` int(10) unsigned NOT NULL AUTO_INCREMENT,
  `name` varchar(255) COLLATE utf8_unicode_ci NOT NULL,
  `created_at` datetime NOT NULL,
  `updated_at` datetime NOT NULL,
  `deleted_at` datetime NOT NULL,
  PRIMARY KEY (`id`)
) ENGINE=InnoDB AUTO_INCREMENT=5 DEFAULT CHARSET=utf8 COLLATE=utf8_unicode_ci;
/*!40101 SET character_set_client = @saved_cs_client */;

--
-- Dumping data for table `category`
--

LOCK TABLES `category` WRITE;
/*!40000 ALTER TABLE `category` DISABLE KEYS */;
INSERT INTO `category` VALUES (1,'Folkrice','2015-10-07 15:40:19','2015-10-07 15:40:19','0000-00-00 00:00:00'),(2,'Surin Farm','2015-10-07 15:40:19','2015-10-07 15:40:19','0000-00-00 00:00:00'),(3,'Chinto Farm','2015-10-07 15:40:19','2015-10-07 15:40:19','0000-00-00 00:00:00'),(4,'Tum Farm','2015-10-07 15:40:19','2015-10-07 15:40:19','0000-00-00 00:00:00');
/*!40000 ALTER TABLE `category` ENABLE KEYS */;
UNLOCK TABLES;

--
-- Table structure for table `migration`
--

DROP TABLE IF EXISTS `migration`;
/*!40101 SET @saved_cs_client     = @@character_set_client */;
/*!40101 SET character_set_client = utf8 */;
CREATE TABLE `migration` (
  `migration` varchar(255) COLLATE utf8_unicode_ci NOT NULL,
  `batch` int(11) NOT NULL
) ENGINE=InnoDB DEFAULT CHARSET=utf8 COLLATE=utf8_unicode_ci;
/*!40101 SET character_set_client = @saved_cs_client */;

--
-- Dumping data for table `migration`
--

LOCK TABLES `migration` WRITE;
/*!40000 ALTER TABLE `migration` DISABLE KEYS */;
INSERT INTO `migration` VALUES ('2013_12_03_000000_CreateAccountTable',1),('2013_12_03_000000_CreateCategoryTable',1),('2013_12_03_000000_CreateOrderItemTable',1),('2013_12_03_000000_CreateOrderTable',1),('2013_12_03_000000_CreateProductTable',1);
/*!40000 ALTER TABLE `migration` ENABLE KEYS */;
UNLOCK TABLES;

--
-- Table structure for table `order`
--

DROP TABLE IF EXISTS `order`;
/*!40101 SET @saved_cs_client     = @@character_set_client */;
/*!40101 SET character_set_client = utf8 */;
CREATE TABLE `order` (
  `id` int(10) unsigned NOT NULL AUTO_INCREMENT,
  `account_id` int(11) NOT NULL,
  `state` varchar(128) COLLATE utf8_unicode_ci NOT NULL DEFAULT 'basket',
  `created_at` datetime NOT NULL,
  `updated_at` datetime NOT NULL,
  `deleted_at` datetime NOT NULL,
  PRIMARY KEY (`id`)
) ENGINE=InnoDB AUTO_INCREMENT=426 DEFAULT CHARSET=utf8 COLLATE=utf8_unicode_ci;
/*!40101 SET character_set_client = @saved_cs_client */;

--
-- Dumping data for table `order`
--

LOCK TABLES `order` WRITE;
/*!40000 ALTER TABLE `order` DISABLE KEYS */;
INSERT INTO `order` VALUES (1,1,'basket','2015-10-07 15:40:19','2015-10-07 15:40:19','0000-00-00 00:00:00'),(2,1,'checkout','2015-10-07 15:40:19','2015-10-07 15:40:19','0000-00-00 00:00:00'),(3,1,'paid','2015-10-07 15:40:20','2015-10-07 15:40:20','0000-00-00 00:00:00'),(4,3,'processing','2015-10-07 15:40:20','2015-10-07 15:40:20','0000-00-00 00:00:00'),(5,3,'delivered','2015-10-07 15:40:20','2015-10-07 15:40:20','0000-00-00 00:00:00'),(6,4,'','2015-10-07 15:40:20','2015-10-07 15:40:20','0000-00-00 00:00:00'),(7,4,'','2015-10-07 15:40:20','2015-10-07 15:40:20','0000-00-00 00:00:00'),(8,4,'','2015-10-07 15:40:20','2015-10-07 15:40:20','0000-00-00 00:00:00'),(9,4,'','2015-10-07 15:40:20','2015-10-07 15:40:20','0000-00-00 00:00:00'),(10,6,'','2015-10-07 15:40:20','2015-10-07 15:40:20','0000-00-00 00:00:00'),(11,6,'','2015-10-07 15:40:20','2015-10-07 15:40:20','0000-00-00 00:00:00'),(12,6,'','2015-10-07 15:40:20','2015-10-07 15:40:20','0000-00-00 00:00:00'),(13,6,'','2015-10-07 15:40:20','2015-10-07 15:40:20','0000-00-00 00:00:00'),(14,6,'','2015-10-07 15:40:20','2015-10-07 15:40:20','0000-00-00 00:00:00'),(15,7,'','2015-10-07 15:40:20','2015-10-07 15:40:20','0000-00-00 00:00:00'),(16,9,'','2015-10-07 15:40:20','2015-10-07 15:40:20','0000-00-00 00:00:00'),(17,9,'','2015-10-07 15:40:20','2015-10-07 15:40:20','0000-00-00 00:00:00'),(18,10,'','2015-10-07 15:40:20','2015-10-07 15:40:20','0000-00-00 00:00:00'),(19,10,'','2015-10-07 15:40:20','2015-10-07 15:40:20','0000-00-00 00:00:00'),(20,10,'','2015-10-07 15:40:20','2015-10-07 15:40:20','0000-00-00 00:00:00'),(21,12,'','2015-10-07 15:53:01','2015-10-07 15:53:01','0000-00-00 00:00:00'),(22,12,'','2015-10-07 15:53:09','2015-10-07 15:53:09','0000-00-00 00:00:00'),(23,12,'','2015-10-07 15:57:38','2015-10-07 15:57:38','0000-00-00 00:00:00'),(24,12,'','2015-10-07 15:58:07','2015-10-07 15:58:07','0000-00-00 00:00:00'),(25,12,'','2015-10-07 15:59:32','2015-10-07 15:59:32','0000-00-00 00:00:00'),(26,12,'','2015-10-07 16:02:47','2015-10-07 16:02:47','0000-00-00 00:00:00'),(27,12,'','2015-10-08 02:53:50','2015-10-08 02:53:50','0000-00-00 00:00:00'),(28,12,'','2015-10-08 03:01:57','2015-10-08 03:01:57','0000-00-00 00:00:00'),(29,12,'','2015-10-08 03:02:20','2015-10-08 03:02:20','0000-00-00 00:00:00'),(30,12,'','2015-10-08 03:02:32','2015-10-08 03:02:32','0000-00-00 00:00:00'),(31,12,'','2015-10-08 03:05:07','2015-10-08 03:05:07','0000-00-00 00:00:00'),(32,12,'','2015-10-08 03:06:15','2015-10-08 03:06:15','0000-00-00 00:00:00'),(33,12,'','2015-10-08 03:07:31','2015-10-08 03:07:31','0000-00-00 00:00:00'),(34,12,'','2015-10-08 03:07:53','2015-10-08 03:07:53','0000-00-00 00:00:00'),(35,12,'','2015-10-08 03:09:24','2015-10-08 03:09:24','0000-00-00 00:00:00'),(36,12,'','2015-10-08 05:22:59','2015-10-08 05:22:59','0000-00-00 00:00:00'),(37,12,'','2015-10-08 05:33:25','2015-10-08 05:33:25','0000-00-00 00:00:00'),(38,13,'','2015-10-08 06:35:09','2015-10-08 06:35:09','0000-00-00 00:00:00'),(39,13,'','2015-10-08 13:02:20','2015-10-08 13:02:20','0000-00-00 00:00:00'),(40,13,'','2015-10-08 13:02:23','2015-10-08 13:02:23','0000-00-00 00:00:00'),(41,12,'','2015-10-10 06:27:16','2015-10-10 06:27:16','0000-00-00 00:00:00'),(42,12,'','2015-10-10 10:57:12','2015-10-10 10:57:12','0000-00-00 00:00:00'),(43,12,'','2015-10-10 10:57:17','2015-10-10 10:57:17','0000-00-00 00:00:00'),(44,12,'','2015-10-10 10:57:25','2015-10-10 10:57:25','0000-00-00 00:00:00'),(45,44,'','2015-10-11 15:46:13','2015-10-11 15:46:13','0000-00-00 00:00:00'),(46,44,'','2015-10-11 15:46:16','2015-10-11 15:46:16','0000-00-00 00:00:00'),(47,44,'','2015-10-11 15:46:46','2015-10-11 15:46:46','0000-00-00 00:00:00'),(48,42,'','2015-10-12 01:44:44','2015-10-12 01:44:44','0000-00-00 00:00:00'),(49,12,'','2015-10-12 01:44:51','2015-10-12 01:44:51','0000-00-00 00:00:00'),(50,44,'','2015-10-12 01:45:27','2015-10-12 01:45:27','0000-00-00 00:00:00'),(51,12,'','2015-10-12 05:26:07','2015-10-12 05:26:07','0000-00-00 00:00:00'),(52,12,'','2015-10-12 06:24:58','2015-10-12 06:24:58','0000-00-00 00:00:00'),(53,12,'','2015-10-12 08:23:41','2015-10-12 08:23:41','0000-00-00 00:00:00'),(54,12,'','2015-10-12 10:29:34','2015-10-12 10:29:34','0000-00-00 00:00:00'),(55,12,'','2015-10-12 10:37:02','2015-10-12 10:37:02','0000-00-00 00:00:00'),(56,12,'','2015-10-12 10:38:14','2015-10-12 10:38:14','0000-00-00 00:00:00'),(57,12,'','2015-10-12 10:39:04','2015-10-12 10:39:04','0000-00-00 00:00:00'),(58,12,'','2015-10-12 10:39:27','2015-10-12 10:39:27','0000-00-00 00:00:00'),(59,44,'','2015-10-12 10:39:43','2015-10-12 10:39:43','0000-00-00 00:00:00'),(60,44,'','2015-10-12 10:41:19','2015-10-12 10:41:19','0000-00-00 00:00:00'),(61,44,'','2015-10-12 15:14:12','2015-10-12 15:14:12','0000-00-00 00:00:00'),(62,12,'','2015-10-13 02:35:55','2015-10-13 02:35:55','0000-00-00 00:00:00'),(63,44,'','2015-10-13 02:40:58','2015-10-13 02:40:58','0000-00-00 00:00:00'),(64,44,'','2015-10-13 02:43:46','2015-10-13 02:43:46','0000-00-00 00:00:00'),(65,44,'','2015-10-13 04:11:22','2015-10-13 04:11:22','0000-00-00 00:00:00'),(66,44,'','2015-10-13 04:12:49','2015-10-13 04:12:49','0000-00-00 00:00:00'),(67,44,'','2015-10-13 04:18:39','2015-10-13 04:18:39','0000-00-00 00:00:00'),(68,44,'','2015-10-13 05:24:46','2015-10-13 05:24:46','0000-00-00 00:00:00'),(69,44,'','2015-10-13 05:26:06','2015-10-13 05:26:06','0000-00-00 00:00:00'),(70,44,'','2015-10-13 05:29:34','2015-10-13 05:29:34','0000-00-00 00:00:00'),(71,44,'','2015-10-13 05:30:40','2015-10-13 05:30:40','0000-00-00 00:00:00'),(72,44,'','2015-10-13 05:34:37','2015-10-13 05:34:37','0000-00-00 00:00:00'),(73,44,'','2015-10-13 06:13:47','2015-10-13 06:13:47','0000-00-00 00:00:00'),(74,44,'','2015-10-13 06:15:58','2015-10-13 06:15:58','0000-00-00 00:00:00'),(75,44,'','2015-10-13 07:10:47','2015-10-13 07:10:47','0000-00-00 00:00:00'),(76,44,'','2015-10-13 07:12:20','2015-10-13 07:12:20','0000-00-00 00:00:00'),(77,44,'','2015-10-13 16:46:40','2015-10-13 16:46:40','0000-00-00 00:00:00'),(78,44,'','2015-10-14 04:51:42','2015-10-14 04:51:42','0000-00-00 00:00:00'),(79,44,'','2015-10-14 04:51:53','2015-10-14 04:51:53','0000-00-00 00:00:00'),(80,44,'','2015-10-14 06:58:58','2015-10-14 06:58:58','0000-00-00 00:00:00'),(81,44,'','2015-10-14 07:41:18','2015-10-14 07:41:18','0000-00-00 00:00:00'),(82,44,'','2015-10-14 07:41:41','2015-10-14 07:41:41','0000-00-00 00:00:00'),(83,44,'','2015-10-14 07:42:13','2015-10-14 07:42:13','0000-00-00 00:00:00'),(84,44,'','2015-10-14 07:42:19','2015-10-14 07:42:19','0000-00-00 00:00:00'),(85,44,'','2015-10-14 07:42:44','2015-10-14 07:42:44','0000-00-00 00:00:00'),(86,44,'','2015-10-14 07:48:45','2015-10-14 07:48:45','0000-00-00 00:00:00'),(87,44,'','2015-10-14 07:49:25','2015-10-14 07:49:25','0000-00-00 00:00:00'),(88,44,'','2015-10-14 07:49:52','2015-10-14 07:49:52','0000-00-00 00:00:00'),(89,44,'','2015-10-14 08:00:33','2015-10-14 08:00:33','0000-00-00 00:00:00'),(90,44,'','2015-10-14 08:04:12','2015-10-14 08:04:12','0000-00-00 00:00:00'),(91,44,'','2015-10-14 08:05:45','2015-10-14 08:05:45','0000-00-00 00:00:00'),(92,44,'','2015-10-14 08:06:59','2015-10-14 08:06:59','0000-00-00 00:00:00'),(93,44,'','2015-10-14 08:07:20','2015-10-14 08:07:20','0000-00-00 00:00:00'),(94,44,'','2015-10-14 08:09:02','2015-10-14 08:09:02','0000-00-00 00:00:00'),(95,44,'','2015-10-14 08:10:37','2015-10-14 08:10:37','0000-00-00 00:00:00'),(96,44,'','2015-10-14 08:51:00','2015-10-14 08:51:00','0000-00-00 00:00:00'),(97,44,'','2015-10-14 08:51:42','2015-10-14 08:51:42','0000-00-00 00:00:00'),(98,44,'','2015-10-14 08:51:45','2015-10-14 08:51:45','0000-00-00 00:00:00'),(99,44,'','2015-10-14 08:51:48','2015-10-14 08:51:48','0000-00-00 00:00:00'),(100,44,'','2015-10-14 08:53:07','2015-10-14 08:53:07','0000-00-00 00:00:00'),(101,44,'','2015-10-14 08:53:22','2015-10-14 08:53:22','0000-00-00 00:00:00'),(102,44,'','2015-10-14 09:46:38','2015-10-14 09:46:38','0000-00-00 00:00:00'),(103,44,'','2015-10-14 09:48:11','2015-10-14 09:48:11','0000-00-00 00:00:00'),(104,44,'','2015-10-14 09:49:30','2015-10-14 09:49:30','0000-00-00 00:00:00'),(105,44,'','2015-10-14 09:49:54','2015-10-14 09:49:54','0000-00-00 00:00:00'),(106,44,'','2015-10-14 10:10:36','2015-10-14 10:10:36','0000-00-00 00:00:00'),(107,44,'','2015-10-14 10:40:27','2015-10-14 10:40:27','0000-00-00 00:00:00'),(108,44,'','2015-10-14 10:40:31','2015-10-14 10:40:31','0000-00-00 00:00:00'),(109,44,'','2015-10-14 10:40:33','2015-10-14 10:40:33','0000-00-00 00:00:00'),(110,44,'','2015-10-14 10:42:49','2015-10-14 10:42:49','0000-00-00 00:00:00'),(111,44,'','2015-10-14 10:43:10','2015-10-14 10:43:10','0000-00-00 00:00:00'),(112,44,'','2015-10-14 10:59:42','2015-10-14 10:59:42','0000-00-00 00:00:00'),(113,44,'','2015-10-14 11:02:10','2015-10-14 11:02:10','0000-00-00 00:00:00'),(114,44,'','2015-10-14 11:05:29','2015-10-14 11:05:29','0000-00-00 00:00:00'),(115,44,'','2015-10-14 11:07:24','2015-10-14 11:07:24','0000-00-00 00:00:00'),(116,44,'','2015-10-14 11:07:43','2015-10-14 11:07:43','0000-00-00 00:00:00'),(117,44,'','2015-10-14 11:08:16','2015-10-14 11:08:16','0000-00-00 00:00:00'),(118,44,'','2015-10-14 11:25:58','2015-10-14 11:25:58','0000-00-00 00:00:00'),(119,44,'','2015-10-14 11:27:06','2015-10-14 11:27:06','0000-00-00 00:00:00'),(120,44,'','2015-10-14 11:40:55','2015-10-14 11:40:55','0000-00-00 00:00:00'),(121,44,'','2015-10-14 13:17:44','2015-10-14 13:17:44','0000-00-00 00:00:00'),(122,44,'','2015-10-14 14:05:32','2015-10-14 14:05:32','0000-00-00 00:00:00'),(123,44,'','2015-10-14 16:22:28','2015-10-14 16:22:28','0000-00-00 00:00:00'),(124,44,'','2015-10-14 16:58:57','2015-10-14 16:58:57','0000-00-00 00:00:00'),(125,44,'','2015-10-14 17:09:35','2015-10-14 17:09:35','0000-00-00 00:00:00'),(126,44,'','2015-10-14 17:09:38','2015-10-14 17:09:38','0000-00-00 00:00:00'),(127,44,'','2015-10-14 17:09:41','2015-10-14 17:09:41','0000-00-00 00:00:00'),(128,44,'','2015-10-14 17:12:26','2015-10-14 17:12:26','0000-00-00 00:00:00'),(129,44,'','2015-10-14 17:12:34','2015-10-14 17:12:34','0000-00-00 00:00:00'),(130,44,'','2015-10-14 17:17:28','2015-10-14 17:17:28','0000-00-00 00:00:00'),(131,44,'','2015-10-14 17:18:29','2015-10-14 17:18:29','0000-00-00 00:00:00'),(132,44,'','2015-10-14 17:18:30','2015-10-14 17:18:30','0000-00-00 00:00:00'),(133,44,'','2015-10-14 17:21:10','2015-10-14 17:21:10','0000-00-00 00:00:00'),(134,44,'','2015-10-14 17:22:02','2015-10-14 17:22:02','0000-00-00 00:00:00'),(135,44,'','2015-10-14 19:17:30','2015-10-14 19:17:30','0000-00-00 00:00:00'),(136,44,'','2015-10-15 03:38:54','2015-10-15 03:38:54','0000-00-00 00:00:00'),(137,44,'','2015-10-15 04:03:06','2015-10-15 04:03:06','0000-00-00 00:00:00'),(138,44,'','2015-10-15 04:03:26','2015-10-15 04:03:26','0000-00-00 00:00:00'),(139,44,'','2015-10-15 04:10:30','2015-10-15 04:10:30','0000-00-00 00:00:00'),(140,44,'','2015-10-15 04:15:59','2015-10-15 04:15:59','0000-00-00 00:00:00'),(141,44,'','2015-10-15 04:23:41','2015-10-15 04:23:41','0000-00-00 00:00:00'),(142,44,'','2015-10-15 04:26:45','2015-10-15 04:26:45','0000-00-00 00:00:00'),(143,44,'','2015-10-15 04:28:17','2015-10-15 04:28:17','0000-00-00 00:00:00'),(144,44,'','2015-10-15 04:33:21','2015-10-15 04:33:21','0000-00-00 00:00:00'),(145,44,'','2015-10-15 04:34:15','2015-10-15 04:34:15','0000-00-00 00:00:00'),(146,44,'','2015-10-15 04:50:33','2015-10-15 04:50:33','0000-00-00 00:00:00'),(147,44,'','2015-10-15 04:52:41','2015-10-15 04:52:41','0000-00-00 00:00:00'),(148,44,'','2015-10-15 06:26:41','2015-10-15 06:26:41','0000-00-00 00:00:00'),(149,44,'','2015-10-15 07:56:37','2015-10-15 07:56:37','0000-00-00 00:00:00'),(150,44,'','2015-10-15 07:57:24','2015-10-15 07:57:24','0000-00-00 00:00:00'),(151,44,'','2015-10-15 16:50:48','2015-10-15 16:50:48','0000-00-00 00:00:00'),(152,44,'','2015-10-15 16:51:10','2015-10-15 16:51:10','0000-00-00 00:00:00'),(153,44,'','2015-10-15 17:05:40','2015-10-15 17:05:40','0000-00-00 00:00:00'),(154,44,'','2015-10-15 17:06:17','2015-10-15 17:06:17','0000-00-00 00:00:00'),(155,44,'','2015-10-15 17:06:37','2015-10-15 17:06:37','0000-00-00 00:00:00'),(156,44,'','2015-10-15 17:07:10','2015-10-15 17:07:10','0000-00-00 00:00:00'),(157,12,'','2015-10-15 17:31:56','2015-10-15 17:31:56','0000-00-00 00:00:00'),(158,12,'','2015-10-15 17:34:01','2015-10-15 17:34:01','0000-00-00 00:00:00'),(159,12,'','2015-10-15 18:08:10','2015-10-15 18:08:10','0000-00-00 00:00:00'),(160,12,'','2015-10-15 18:10:28','2015-10-15 18:10:28','0000-00-00 00:00:00'),(161,76,'','2015-10-15 18:13:17','2015-10-15 18:13:17','0000-00-00 00:00:00'),(162,77,'','2015-10-15 18:16:38','2015-10-15 18:16:38','0000-00-00 00:00:00'),(163,12,'','2015-10-16 06:36:30','2015-10-16 06:36:30','0000-00-00 00:00:00'),(164,12,'','2015-10-17 03:52:39','2015-10-17 03:52:39','0000-00-00 00:00:00'),(165,12,'','2015-10-17 03:55:32','2015-10-17 03:55:32','0000-00-00 00:00:00'),(166,12,'','2015-10-17 03:55:39','2015-10-17 03:55:39','0000-00-00 00:00:00'),(167,12,'','2015-10-18 15:00:18','2015-10-18 15:00:18','0000-00-00 00:00:00'),(168,83,'','2015-10-18 15:10:56','2015-10-18 15:10:56','0000-00-00 00:00:00'),(169,83,'','2015-10-18 15:15:15','2015-10-18 15:15:15','0000-00-00 00:00:00'),(170,83,'','2015-10-18 15:17:22','2015-10-18 15:17:22','0000-00-00 00:00:00'),(171,12,'','2015-10-18 15:19:49','2015-10-18 15:19:49','0000-00-00 00:00:00'),(172,83,'','2015-10-18 15:23:53','2015-10-18 15:23:53','0000-00-00 00:00:00'),(173,83,'','2015-10-18 15:36:51','2015-10-18 15:36:51','0000-00-00 00:00:00'),(174,12,'','2015-10-20 13:55:06','2015-10-20 13:55:06','0000-00-00 00:00:00'),(175,12,'','2015-10-20 13:55:22','2015-10-20 13:55:22','0000-00-00 00:00:00'),(176,12,'','2015-10-21 06:35:20','2015-10-21 06:35:20','0000-00-00 00:00:00'),(177,12,'basket','2015-10-21 06:43:54','2015-10-21 06:43:54','0000-00-00 00:00:00'),(178,12,'basket','2015-10-21 06:44:34','2015-10-21 06:44:34','0000-00-00 00:00:00'),(179,12,'basket','2015-10-21 13:09:36','2015-10-21 13:09:36','0000-00-00 00:00:00'),(180,12,'basket','2015-10-21 13:22:54','2015-10-21 13:22:54','0000-00-00 00:00:00'),(181,12,'basket','2015-10-21 13:42:01','2015-10-21 13:42:01','0000-00-00 00:00:00'),(182,12,'basket','2015-10-21 13:42:12','2015-10-21 13:42:12','0000-00-00 00:00:00'),(183,12,'basket','2015-10-25 06:20:08','2015-10-25 06:20:08','0000-00-00 00:00:00'),(184,95,'basket','2015-10-25 06:40:58','2015-10-25 06:40:58','0000-00-00 00:00:00'),(185,95,'basket','2015-10-25 06:41:39','2015-10-25 06:41:39','0000-00-00 00:00:00'),(186,95,'basket','2015-10-25 06:42:33','2015-10-25 06:42:33','0000-00-00 00:00:00'),(187,95,'basket','2015-10-25 06:47:07','2015-10-25 06:47:07','0000-00-00 00:00:00'),(188,95,'basket','2015-10-25 06:48:34','2015-10-25 06:48:34','0000-00-00 00:00:00'),(189,95,'basket','2015-10-25 06:49:39','2015-10-25 06:49:39','0000-00-00 00:00:00'),(190,95,'basket','2015-10-25 06:51:52','2015-10-25 06:51:52','0000-00-00 00:00:00'),(191,95,'basket','2015-10-25 06:52:42','2015-10-25 06:52:42','0000-00-00 00:00:00'),(192,95,'basket','2015-10-25 06:56:43','2015-10-25 06:56:43','0000-00-00 00:00:00'),(193,95,'basket','2015-10-25 06:57:44','2015-10-25 06:57:44','0000-00-00 00:00:00'),(194,95,'basket','2015-10-25 06:59:48','2015-10-25 06:59:48','0000-00-00 00:00:00'),(195,95,'basket','2015-10-25 07:05:17','2015-10-25 07:05:17','0000-00-00 00:00:00'),(196,95,'basket','2015-10-25 07:09:30','2015-10-25 07:09:30','0000-00-00 00:00:00'),(197,95,'basket','2015-10-25 07:15:36','2015-10-25 07:15:36','0000-00-00 00:00:00'),(198,95,'basket','2015-10-25 07:20:21','2015-10-25 07:20:21','0000-00-00 00:00:00'),(199,95,'basket','2015-10-25 07:27:42','2015-10-25 07:27:42','0000-00-00 00:00:00'),(200,12,'basket','2015-10-25 07:29:28','2015-10-25 07:29:28','0000-00-00 00:00:00'),(201,12,'basket','2015-10-25 07:29:35','2015-10-25 07:29:35','0000-00-00 00:00:00'),(202,95,'basket','2015-10-25 07:34:37','2015-10-25 07:34:37','0000-00-00 00:00:00'),(203,95,'basket','2015-10-25 07:46:09','2015-10-25 07:46:09','0000-00-00 00:00:00'),(204,95,'basket','2015-10-25 07:55:14','2015-10-25 07:55:14','0000-00-00 00:00:00'),(205,95,'basket','2015-10-25 07:57:14','2015-10-25 07:57:14','0000-00-00 00:00:00'),(206,95,'basket','2015-10-25 07:59:26','2015-10-25 07:59:26','0000-00-00 00:00:00'),(207,95,'basket','2015-10-25 07:59:45','2015-10-25 07:59:45','0000-00-00 00:00:00'),(208,95,'basket','2015-10-25 08:02:48','2015-10-25 08:02:48','0000-00-00 00:00:00'),(209,12,'basket','2015-10-25 08:06:59','2015-10-25 08:06:59','0000-00-00 00:00:00'),(210,13,'basket','2015-10-25 17:11:46','2015-10-25 17:11:46','0000-00-00 00:00:00'),(211,95,'basket','2015-10-26 14:54:30','2015-10-26 14:54:30','0000-00-00 00:00:00'),(212,95,'basket','2015-10-26 14:58:20','2015-10-26 14:58:20','0000-00-00 00:00:00'),(213,95,'basket','2015-10-26 15:12:58','2015-10-26 15:12:58','0000-00-00 00:00:00'),(214,95,'basket','2015-10-26 15:15:48','2015-10-26 15:15:48','0000-00-00 00:00:00'),(215,95,'basket','2015-10-26 15:24:56','2015-10-26 15:24:56','0000-00-00 00:00:00'),(216,95,'basket','2015-10-26 15:26:58','2015-10-26 15:26:58','0000-00-00 00:00:00'),(217,95,'basket','2015-10-26 15:28:08','2015-10-26 15:28:08','0000-00-00 00:00:00'),(218,95,'basket','2015-10-26 15:32:29','2015-10-26 15:32:29','0000-00-00 00:00:00'),(219,95,'basket','2015-10-26 15:33:25','2015-10-26 15:33:25','0000-00-00 00:00:00'),(220,95,'basket','2015-10-26 15:38:13','2015-10-26 15:38:13','0000-00-00 00:00:00'),(221,95,'basket','2015-10-26 15:42:11','2015-10-26 15:42:11','0000-00-00 00:00:00'),(222,95,'basket','2015-10-26 15:43:05','2015-10-26 15:43:05','0000-00-00 00:00:00'),(223,44,'basket','2015-10-27 11:26:56','2015-10-27 11:26:56','0000-00-00 00:00:00'),(224,44,'basket','2015-10-27 11:27:09','2015-10-27 11:27:09','0000-00-00 00:00:00'),(225,96,'basket','2015-10-27 11:58:10','2015-10-27 11:58:10','0000-00-00 00:00:00'),(226,96,'basket','2015-10-27 11:58:43','2015-10-27 11:58:43','0000-00-00 00:00:00'),(227,97,'basket','2015-10-27 16:54:34','2015-10-27 16:54:34','0000-00-00 00:00:00'),(228,44,'basket','2015-10-29 05:04:40','2015-10-29 05:04:40','0000-00-00 00:00:00'),(229,102,'basket','2015-10-29 05:44:12','2015-10-29 05:44:12','0000-00-00 00:00:00'),(230,116,'basket','2015-10-29 07:42:32','2015-10-29 07:42:32','0000-00-00 00:00:00'),(231,117,'basket','2015-10-29 07:56:37','2015-10-29 07:56:37','0000-00-00 00:00:00'),(232,117,'basket','2015-10-29 07:57:50','2015-10-29 07:57:50','0000-00-00 00:00:00'),(233,117,'basket','2015-10-29 07:58:30','2015-10-29 07:58:30','0000-00-00 00:00:00'),(234,118,'basket','2015-10-29 08:18:53','2015-10-29 08:18:53','0000-00-00 00:00:00'),(235,118,'basket','2015-10-29 08:32:20','2015-10-29 08:32:20','0000-00-00 00:00:00'),(236,118,'basket','2015-10-29 08:34:37','2015-10-29 08:34:37','0000-00-00 00:00:00'),(237,118,'basket','2015-10-29 08:36:09','2015-10-29 08:36:09','0000-00-00 00:00:00'),(238,96,'basket','2015-10-29 10:11:27','2015-10-29 10:11:27','0000-00-00 00:00:00'),(239,96,'basket','2015-10-29 10:11:45','2015-10-29 10:11:45','0000-00-00 00:00:00'),(240,44,'basket','2015-10-29 10:16:24','2015-10-29 10:16:24','0000-00-00 00:00:00'),(241,119,'basket','2015-10-29 13:48:26','2015-10-29 13:48:26','0000-00-00 00:00:00'),(242,123,'basket','2015-10-29 15:25:39','2015-10-29 15:25:39','0000-00-00 00:00:00'),(243,123,'basket','2015-10-29 15:28:53','2015-10-29 15:28:53','0000-00-00 00:00:00'),(244,12,'basket','2015-10-29 15:40:20','2015-10-29 15:40:20','0000-00-00 00:00:00'),(245,124,'basket','2015-10-29 15:45:11','2015-10-29 15:45:11','0000-00-00 00:00:00'),(246,120,'basket','2015-10-29 15:57:18','2015-10-29 15:57:18','0000-00-00 00:00:00'),(247,126,'basket','2015-10-29 16:04:12','2015-10-29 16:04:12','0000-00-00 00:00:00'),(248,127,'basket','2015-10-29 16:05:40','2015-10-29 16:05:40','0000-00-00 00:00:00'),(249,127,'basket','2015-10-29 16:09:57','2015-10-29 16:09:57','0000-00-00 00:00:00'),(250,120,'basket','2015-10-29 17:56:58','2015-10-29 17:56:58','0000-00-00 00:00:00'),(251,120,'basket','2015-10-29 17:57:22','2015-10-29 17:57:22','0000-00-00 00:00:00'),(252,120,'basket','2015-10-29 17:57:56','2015-10-29 17:57:56','0000-00-00 00:00:00'),(253,139,'basket','2015-10-29 19:18:20','2015-10-29 19:18:20','0000-00-00 00:00:00'),(254,139,'basket','2015-10-29 19:18:23','2015-10-29 19:18:23','0000-00-00 00:00:00'),(255,139,'basket','2015-10-29 19:18:38','2015-10-29 19:18:38','0000-00-00 00:00:00'),(256,139,'basket','2015-10-29 19:18:38','2015-10-29 19:18:38','0000-00-00 00:00:00'),(257,139,'basket','2015-10-29 19:18:42','2015-10-29 19:18:42','0000-00-00 00:00:00'),(258,139,'basket','2015-10-29 19:19:05','2015-10-29 19:19:05','0000-00-00 00:00:00'),(259,139,'basket','2015-10-29 19:20:51','2015-10-29 19:20:51','0000-00-00 00:00:00'),(260,139,'basket','2015-10-29 19:20:53','2015-10-29 19:20:53','0000-00-00 00:00:00'),(261,139,'basket','2015-10-29 19:20:53','2015-10-29 19:20:53','0000-00-00 00:00:00'),(262,139,'basket','2015-10-29 19:20:53','2015-10-29 19:20:53','0000-00-00 00:00:00'),(263,139,'basket','2015-10-29 19:20:54','2015-10-29 19:20:54','0000-00-00 00:00:00'),(264,139,'basket','2015-10-29 19:20:54','2015-10-29 19:20:54','0000-00-00 00:00:00'),(265,139,'basket','2015-10-29 19:20:54','2015-10-29 19:20:54','0000-00-00 00:00:00'),(266,139,'basket','2015-10-29 19:20:54','2015-10-29 19:20:54','0000-00-00 00:00:00'),(267,139,'basket','2015-10-29 19:20:54','2015-10-29 19:20:54','0000-00-00 00:00:00'),(268,139,'basket','2015-10-29 19:21:44','2015-10-29 19:21:44','0000-00-00 00:00:00'),(269,139,'basket','2015-10-29 19:22:27','2015-10-29 19:22:27','0000-00-00 00:00:00'),(270,139,'basket','2015-10-29 19:23:39','2015-10-29 19:23:39','0000-00-00 00:00:00'),(271,139,'basket','2015-10-29 19:31:23','2015-10-29 19:31:23','0000-00-00 00:00:00'),(272,139,'basket','2015-10-29 19:31:26','2015-10-29 19:31:26','0000-00-00 00:00:00'),(273,139,'basket','2015-10-29 19:31:27','2015-10-29 19:31:27','0000-00-00 00:00:00'),(274,139,'basket','2015-10-29 19:31:28','2015-10-29 19:31:28','0000-00-00 00:00:00'),(275,139,'basket','2015-10-29 19:31:28','2015-10-29 19:31:28','0000-00-00 00:00:00'),(276,139,'basket','2015-10-29 19:31:29','2015-10-29 19:31:29','0000-00-00 00:00:00'),(277,139,'basket','2015-10-29 19:31:30','2015-10-29 19:31:30','0000-00-00 00:00:00'),(278,140,'basket','2015-10-29 19:33:52','2015-10-29 19:33:52','0000-00-00 00:00:00'),(279,140,'basket','2015-10-29 19:37:39','2015-10-29 19:37:39','0000-00-00 00:00:00'),(280,140,'basket','2015-10-29 19:44:41','2015-10-29 19:44:41','0000-00-00 00:00:00'),(281,140,'basket','2015-10-29 19:51:45','2015-10-29 19:51:45','0000-00-00 00:00:00'),(282,140,'basket','2015-10-29 19:53:09','2015-10-29 19:53:09','0000-00-00 00:00:00'),(283,140,'basket','2015-10-29 19:54:56','2015-10-29 19:54:56','0000-00-00 00:00:00'),(284,140,'basket','2015-10-29 19:55:09','2015-10-29 19:55:09','0000-00-00 00:00:00'),(285,140,'basket','2015-10-29 19:58:50','2015-10-29 19:58:50','0000-00-00 00:00:00'),(286,140,'basket','2015-10-29 19:58:57','2015-10-29 19:58:57','0000-00-00 00:00:00'),(287,140,'basket','2015-10-29 19:58:59','2015-10-29 19:58:59','0000-00-00 00:00:00'),(288,140,'basket','2015-10-29 19:58:59','2015-10-29 19:58:59','0000-00-00 00:00:00'),(289,140,'basket','2015-10-29 19:59:00','2015-10-29 19:59:00','0000-00-00 00:00:00'),(290,140,'basket','2015-10-29 19:59:00','2015-10-29 19:59:00','0000-00-00 00:00:00'),(291,140,'basket','2015-10-29 19:59:04','2015-10-29 19:59:04','0000-00-00 00:00:00'),(292,140,'basket','2015-10-29 19:59:04','2015-10-29 19:59:04','0000-00-00 00:00:00'),(293,140,'basket','2015-10-29 19:59:05','2015-10-29 19:59:05','0000-00-00 00:00:00'),(294,140,'basket','2015-10-29 19:59:06','2015-10-29 19:59:06','0000-00-00 00:00:00'),(295,140,'basket','2015-10-29 19:59:07','2015-10-29 19:59:07','0000-00-00 00:00:00'),(296,140,'basket','2015-10-29 19:59:07','2015-10-29 19:59:07','0000-00-00 00:00:00'),(297,140,'basket','2015-10-29 19:59:08','2015-10-29 19:59:08','0000-00-00 00:00:00'),(298,140,'basket','2015-10-29 19:59:09','2015-10-29 19:59:09','0000-00-00 00:00:00'),(299,140,'basket','2015-10-29 19:59:10','2015-10-29 19:59:10','0000-00-00 00:00:00'),(300,120,'basket','2015-10-30 05:05:39','2015-10-30 05:05:39','0000-00-00 00:00:00'),(301,120,'basket','2015-11-04 10:01:06','2015-11-04 10:01:06','0000-00-00 00:00:00'),(302,141,'basket','2015-11-04 16:55:17','2015-11-04 16:55:17','0000-00-00 00:00:00'),(303,12,'basket','2015-11-04 18:12:05','2015-11-04 18:12:05','0000-00-00 00:00:00'),(304,12,'basket','2015-11-04 18:12:48','2015-11-04 18:12:48','0000-00-00 00:00:00'),(305,12,'basket','2015-11-04 18:15:52','2015-11-04 18:15:52','0000-00-00 00:00:00'),(306,12,'basket','2015-11-04 18:16:08','2015-11-04 18:16:08','0000-00-00 00:00:00'),(307,12,'basket','2015-11-04 18:22:46','2015-11-04 18:22:46','0000-00-00 00:00:00'),(308,12,'basket','2015-11-04 18:25:45','2015-11-04 18:25:45','0000-00-00 00:00:00'),(309,12,'basket','2015-11-04 18:34:19','2015-11-04 18:34:19','0000-00-00 00:00:00'),(310,12,'basket','2015-11-04 18:59:46','2015-11-04 18:59:46','0000-00-00 00:00:00'),(311,44,'basket','2015-11-04 19:04:30','2015-11-04 19:04:30','0000-00-00 00:00:00'),(312,12,'basket','2015-11-04 19:05:00','2015-11-04 19:05:00','0000-00-00 00:00:00'),(313,13,'basket','2015-11-05 06:41:07','2015-11-05 06:41:07','0000-00-00 00:00:00'),(314,13,'basket','2015-11-05 06:41:25','2015-11-05 06:41:25','0000-00-00 00:00:00'),(315,144,'basket','2015-11-05 14:21:27','2015-11-05 14:21:27','0000-00-00 00:00:00'),(316,144,'basket','2015-11-05 14:21:35','2015-11-05 14:21:35','0000-00-00 00:00:00'),(317,12,'basket','2015-11-06 10:30:37','2015-11-06 10:30:37','0000-00-00 00:00:00'),(318,13,'basket','2015-11-11 06:59:17','2015-11-11 06:59:17','0000-00-00 00:00:00'),(319,13,'basket','2015-11-11 07:26:52','2015-11-11 07:26:52','0000-00-00 00:00:00'),(320,12,'basket','2015-11-11 07:27:38','2015-11-11 07:27:38','0000-00-00 00:00:00'),(321,12,'basket','2015-11-11 07:28:23','2015-11-11 07:28:23','0000-00-00 00:00:00'),(322,13,'basket','2015-11-11 07:30:39','2015-11-11 07:30:39','0000-00-00 00:00:00'),(323,13,'basket','2015-11-11 07:31:22','2015-11-11 07:31:22','0000-00-00 00:00:00'),(324,13,'basket','2015-11-11 07:33:03','2015-11-11 07:33:03','0000-00-00 00:00:00'),(325,13,'basket','2015-11-11 07:36:48','2015-11-11 07:36:48','0000-00-00 00:00:00'),(326,12,'basket','2015-11-12 05:16:00','2015-11-12 05:16:00','0000-00-00 00:00:00'),(327,12,'basket','2015-11-12 05:27:14','2015-11-12 05:27:14','0000-00-00 00:00:00'),(328,12,'basket','2015-11-12 05:27:17','2015-11-12 05:27:17','0000-00-00 00:00:00'),(329,12,'basket','2015-11-12 05:27:27','2015-11-12 05:27:27','0000-00-00 00:00:00'),(330,12,'basket','2015-11-12 05:29:19','2015-11-12 05:29:19','0000-00-00 00:00:00'),(331,12,'basket','2015-11-12 05:37:04','2015-11-12 05:37:04','0000-00-00 00:00:00'),(332,12,'basket','2015-11-12 05:40:48','2015-11-12 05:40:48','0000-00-00 00:00:00'),(333,12,'basket','2015-11-12 05:47:13','2015-11-12 05:47:13','0000-00-00 00:00:00'),(334,12,'basket','2015-11-12 05:49:55','2015-11-12 05:49:55','0000-00-00 00:00:00'),(335,12,'basket','2015-11-12 05:53:10','2015-11-12 05:53:10','0000-00-00 00:00:00'),(336,12,'basket','2015-11-12 05:57:31','2015-11-12 05:57:31','0000-00-00 00:00:00'),(337,12,'basket','2015-11-12 05:59:18','2015-11-12 05:59:18','0000-00-00 00:00:00'),(338,12,'basket','2015-11-12 06:02:47','2015-11-12 06:02:47','0000-00-00 00:00:00'),(339,12,'basket','2015-11-12 06:06:08','2015-11-12 06:06:08','0000-00-00 00:00:00'),(340,12,'basket','2015-11-12 06:08:20','2015-11-12 06:08:20','0000-00-00 00:00:00'),(341,12,'basket','2015-11-12 06:10:33','2015-11-12 06:10:33','0000-00-00 00:00:00'),(342,12,'basket','2015-11-12 06:37:16','2015-11-12 06:37:16','0000-00-00 00:00:00'),(343,12,'basket','2015-11-12 06:44:29','2015-11-12 06:44:29','0000-00-00 00:00:00'),(344,152,'basket','2015-11-12 06:58:45','2015-11-12 06:58:45','0000-00-00 00:00:00'),(345,152,'basket','2015-11-12 06:59:56','2015-11-12 06:59:56','0000-00-00 00:00:00'),(346,152,'basket','2015-11-12 07:05:53','2015-11-12 07:05:53','0000-00-00 00:00:00'),(347,152,'basket','2015-11-12 07:08:43','2015-11-12 07:08:43','0000-00-00 00:00:00'),(348,152,'basket','2015-11-12 07:17:59','2015-11-12 07:17:59','0000-00-00 00:00:00'),(349,152,'basket','2015-11-12 07:25:24','2015-11-12 07:25:24','0000-00-00 00:00:00'),(350,152,'basket','2015-11-12 07:39:28','2015-11-12 07:39:28','0000-00-00 00:00:00'),(351,152,'basket','2015-11-12 07:40:50','2015-11-12 07:40:50','0000-00-00 00:00:00'),(352,152,'basket','2015-11-12 07:43:21','2015-11-12 07:43:21','0000-00-00 00:00:00'),(353,152,'basket','2015-11-12 07:46:57','2015-11-12 07:46:57','0000-00-00 00:00:00'),(354,152,'basket','2015-11-12 07:52:10','2015-11-12 07:52:10','0000-00-00 00:00:00'),(355,152,'basket','2015-11-12 08:57:11','2015-11-12 08:57:11','0000-00-00 00:00:00'),(356,152,'basket','2015-11-12 08:57:51','2015-11-12 08:57:51','0000-00-00 00:00:00'),(357,152,'basket','2015-11-12 09:37:28','2015-11-12 09:37:28','0000-00-00 00:00:00'),(358,152,'basket','2015-11-12 09:38:17','2015-11-12 09:38:17','0000-00-00 00:00:00'),(359,152,'basket','2015-11-12 09:38:34','2015-11-12 09:38:34','0000-00-00 00:00:00'),(360,152,'basket','2015-11-12 09:39:36','2015-11-12 09:39:36','0000-00-00 00:00:00'),(361,12,'basket','2015-11-12 14:28:49','2015-11-12 14:28:49','0000-00-00 00:00:00'),(362,12,'basket','2015-11-12 14:28:50','2015-11-12 14:28:50','0000-00-00 00:00:00'),(363,12,'basket','2015-11-12 14:28:58','2015-11-12 14:28:58','0000-00-00 00:00:00'),(364,12,'basket','2015-11-12 14:31:44','2015-11-12 14:31:44','0000-00-00 00:00:00'),(365,12,'basket','2015-11-12 14:31:45','2015-11-12 14:31:45','0000-00-00 00:00:00'),(366,12,'basket','2015-11-12 14:31:50','2015-11-12 14:31:50','0000-00-00 00:00:00'),(367,12,'basket','2015-11-12 14:31:55','2015-11-12 14:31:55','0000-00-00 00:00:00'),(368,153,'basket','2015-11-12 14:42:30','2015-11-12 14:42:30','0000-00-00 00:00:00'),(369,153,'basket','2015-11-12 14:42:42','2015-11-12 14:42:42','0000-00-00 00:00:00'),(370,153,'basket','2015-11-12 14:42:44','2015-11-12 14:42:44','0000-00-00 00:00:00'),(371,152,'basket','2015-11-13 03:25:21','2015-11-13 03:25:21','0000-00-00 00:00:00'),(372,152,'basket','2015-11-13 03:25:30','2015-11-13 03:25:30','0000-00-00 00:00:00'),(373,152,'basket','2015-11-13 03:25:32','2015-11-13 03:25:32','0000-00-00 00:00:00'),(374,152,'basket','2015-11-13 03:26:25','2015-11-13 03:26:25','0000-00-00 00:00:00'),(375,152,'basket','2015-11-13 03:29:06','2015-11-13 03:29:06','0000-00-00 00:00:00'),(376,152,'basket','2015-11-13 03:29:17','2015-11-13 03:29:17','0000-00-00 00:00:00'),(377,152,'basket','2015-11-13 03:29:28','2015-11-13 03:29:28','0000-00-00 00:00:00'),(378,152,'basket','2015-11-13 03:29:44','2015-11-13 03:29:44','0000-00-00 00:00:00'),(379,152,'basket','2015-11-13 03:31:17','2015-11-13 03:31:17','0000-00-00 00:00:00'),(380,152,'basket','2015-11-13 03:31:19','2015-11-13 03:31:19','0000-00-00 00:00:00'),(381,152,'basket','2015-11-13 03:31:20','2015-11-13 03:31:20','0000-00-00 00:00:00'),(382,152,'basket','2015-11-13 03:31:25','2015-11-13 03:31:25','0000-00-00 00:00:00'),(383,152,'basket','2015-11-13 03:31:42','2015-11-13 03:31:42','0000-00-00 00:00:00'),(384,152,'basket','2015-11-13 03:31:44','2015-11-13 03:31:44','0000-00-00 00:00:00'),(385,152,'basket','2015-11-13 03:31:45','2015-11-13 03:31:45','0000-00-00 00:00:00'),(386,152,'basket','2015-11-13 03:33:25','2015-11-13 03:33:25','0000-00-00 00:00:00'),(387,152,'basket','2015-11-13 03:33:30','2015-11-13 03:33:30','0000-00-00 00:00:00'),(388,152,'basket','2015-11-13 03:33:53','2015-11-13 03:33:53','0000-00-00 00:00:00'),(389,152,'basket','2015-11-13 03:34:22','2015-11-13 03:34:22','0000-00-00 00:00:00'),(390,152,'basket','2015-11-13 03:34:42','2015-11-13 03:34:42','0000-00-00 00:00:00'),(391,152,'basket','2015-11-13 03:37:30','2015-11-13 03:37:30','0000-00-00 00:00:00'),(392,152,'basket','2015-11-13 03:37:53','2015-11-13 03:37:53','0000-00-00 00:00:00'),(393,152,'basket','2015-11-13 03:54:06','2015-11-13 03:54:06','0000-00-00 00:00:00'),(394,152,'basket','2015-11-13 04:06:00','2015-11-13 04:06:00','0000-00-00 00:00:00'),(395,152,'basket','2015-11-13 04:11:05','2015-11-13 04:11:05','0000-00-00 00:00:00'),(396,152,'basket','2015-11-13 04:38:24','2015-11-13 04:38:24','0000-00-00 00:00:00'),(397,152,'basket','2015-11-13 04:38:48','2015-11-13 04:38:48','0000-00-00 00:00:00'),(398,154,'basket','2015-11-13 04:39:57','2015-11-13 04:39:57','0000-00-00 00:00:00'),(399,152,'basket','2015-11-13 04:54:48','2015-11-13 04:54:48','0000-00-00 00:00:00'),(400,13,'basket','2015-11-13 07:31:51','2015-11-13 07:31:51','0000-00-00 00:00:00'),(401,13,'basket','2015-11-13 07:33:07','2015-11-13 07:33:07','0000-00-00 00:00:00'),(402,13,'basket','2015-11-13 07:35:50','2015-11-13 07:35:50','0000-00-00 00:00:00'),(403,152,'basket','2015-11-13 09:43:44','2015-11-13 09:43:44','0000-00-00 00:00:00'),(404,152,'basket','2015-11-13 09:52:22','2015-11-13 09:52:22','0000-00-00 00:00:00'),(405,152,'basket','2015-11-13 09:56:30','2015-11-13 09:56:30','0000-00-00 00:00:00'),(406,152,'basket','2015-11-13 10:02:27','2015-11-13 10:02:27','0000-00-00 00:00:00'),(407,152,'basket','2015-11-13 10:26:54','2015-11-13 10:26:54','0000-00-00 00:00:00'),(408,152,'basket','2015-11-13 10:40:33','2015-11-13 10:40:33','0000-00-00 00:00:00'),(409,152,'basket','2015-11-13 10:41:29','2015-11-13 10:41:29','0000-00-00 00:00:00'),(410,152,'basket','2015-11-13 11:34:04','2015-11-13 11:34:04','0000-00-00 00:00:00'),(411,155,'basket','2015-11-13 11:36:43','2015-11-13 11:36:43','0000-00-00 00:00:00'),(412,155,'basket','2015-11-13 12:15:38','2015-11-13 12:15:38','0000-00-00 00:00:00'),(413,152,'basket','2015-11-13 17:48:39','2015-11-13 17:48:39','0000-00-00 00:00:00'),(414,152,'basket','2015-11-13 19:14:40','2015-11-13 19:14:40','0000-00-00 00:00:00'),(415,12,'basket','2015-11-14 06:21:56','2015-11-14 06:21:56','0000-00-00 00:00:00'),(416,158,'basket','2015-11-14 06:26:10','2015-11-14 06:26:10','0000-00-00 00:00:00'),(417,158,'basket','2015-11-14 06:26:55','2015-11-14 06:26:55','0000-00-00 00:00:00'),(418,12,'basket','2015-11-14 06:28:20','2015-11-14 06:28:20','0000-00-00 00:00:00'),(419,159,'basket','2015-11-14 07:39:28','2015-11-14 07:39:28','0000-00-00 00:00:00'),(420,160,'basket','2015-11-14 08:13:54','2015-11-14 08:13:54','0000-00-00 00:00:00'),(421,160,'basket','2015-11-14 08:14:14','2015-11-14 08:14:14','0000-00-00 00:00:00'),(422,160,'basket','2015-11-14 08:14:50','2015-11-14 08:14:50','0000-00-00 00:00:00'),(423,166,'basket','2015-11-17 09:10:36','2015-11-17 09:10:36','0000-00-00 00:00:00'),(424,13,'basket','2015-11-19 13:12:26','2015-11-19 13:12:26','0000-00-00 00:00:00'),(425,168,'basket','2015-11-24 05:04:19','2015-11-24 05:04:19','0000-00-00 00:00:00');
/*!40000 ALTER TABLE `order` ENABLE KEYS */;
UNLOCK TABLES;

--
-- Table structure for table `order_item`
--

DROP TABLE IF EXISTS `order_item`;
/*!40101 SET @saved_cs_client     = @@character_set_client */;
/*!40101 SET character_set_client = utf8 */;
CREATE TABLE `order_item` (
  `id` int(10) unsigned NOT NULL AUTO_INCREMENT,
  `order_id` int(11) NOT NULL,
  `product_id` int(11) NOT NULL,
  `quantity` int(11) NOT NULL,
  `price` float(8,2) NOT NULL,
  `created_at` datetime NOT NULL,
  `updated_at` datetime NOT NULL,
  `deleted_at` datetime NOT NULL,
  PRIMARY KEY (`id`)
) ENGINE=InnoDB AUTO_INCREMENT=567 DEFAULT CHARSET=utf8 COLLATE=utf8_unicode_ci;
/*!40101 SET character_set_client = @saved_cs_client */;

--
-- Dumping data for table `order_item`
--

LOCK TABLES `order_item` WRITE;
/*!40000 ALTER TABLE `order_item` DISABLE KEYS */;
INSERT INTO `order_item` VALUES (1,1,5,1,92.29,'2015-10-07 15:40:20','2015-10-07 15:40:20','0000-00-00 00:00:00'),(2,1,6,2,77.37,'2015-10-07 15:40:20','2015-10-07 15:40:20','0000-00-00 00:00:00'),(3,2,2,2,79.34,'2015-10-07 15:40:20','2015-10-07 15:40:20','0000-00-00 00:00:00'),(4,3,15,2,28.90,'2015-10-07 15:40:20','2015-10-07 15:40:20','0000-00-00 00:00:00'),(5,3,14,1,16.74,'2015-10-07 15:40:20','2015-10-07 15:40:20','0000-00-00 00:00:00'),(6,3,16,3,67.10,'2015-10-07 15:40:20','2015-10-07 15:40:20','0000-00-00 00:00:00'),(7,4,14,1,16.74,'2015-10-07 15:40:20','2015-10-07 15:40:20','0000-00-00 00:00:00'),(8,4,5,2,92.29,'2015-10-07 15:40:20','2015-10-07 15:40:20','0000-00-00 00:00:00'),(9,5,19,3,74.10,'2015-10-07 15:40:20','2015-10-07 15:40:20','0000-00-00 00:00:00'),(10,6,6,2,77.37,'2015-10-07 15:40:20','2015-10-07 15:40:20','0000-00-00 00:00:00'),(11,6,15,3,28.90,'2015-10-07 15:40:20','2015-10-07 15:40:20','0000-00-00 00:00:00'),(12,6,8,2,47.51,'2015-10-07 15:40:20','2015-10-07 15:40:20','0000-00-00 00:00:00'),(13,7,8,1,47.51,'2015-10-07 15:40:20','2015-10-07 15:40:20','0000-00-00 00:00:00'),(14,7,9,1,71.20,'2015-10-07 15:40:20','2015-10-07 15:40:20','0000-00-00 00:00:00'),(15,7,2,2,79.34,'2015-10-07 15:40:20','2015-10-07 15:40:20','0000-00-00 00:00:00'),(16,7,11,2,82.90,'2015-10-07 15:40:20','2015-10-07 15:40:20','0000-00-00 00:00:00'),(17,7,14,2,16.74,'2015-10-07 15:40:20','2015-10-07 15:40:20','0000-00-00 00:00:00'),(18,8,11,1,82.90,'2015-10-07 15:40:20','2015-10-07 15:40:20','0000-00-00 00:00:00'),(19,8,9,3,71.20,'2015-10-07 15:40:20','2015-10-07 15:40:20','0000-00-00 00:00:00'),(20,9,5,3,92.29,'2015-10-07 15:40:20','2015-10-07 15:40:20','0000-00-00 00:00:00'),(21,10,4,2,41.79,'2015-10-07 15:40:20','2015-10-07 15:40:20','0000-00-00 00:00:00'),(22,10,16,1,67.10,'2015-10-07 15:40:20','2015-10-07 15:40:20','0000-00-00 00:00:00'),(23,10,18,3,43.55,'2015-10-07 15:40:20','2015-10-07 15:40:20','0000-00-00 00:00:00'),(24,10,15,3,28.90,'2015-10-07 15:40:20','2015-10-07 15:40:20','0000-00-00 00:00:00'),(25,11,7,2,31.80,'2015-10-07 15:40:20','2015-10-07 15:40:20','0000-00-00 00:00:00'),(26,12,13,2,18.26,'2015-10-07 15:40:20','2015-10-07 15:40:20','0000-00-00 00:00:00'),(27,12,19,1,74.10,'2015-10-07 15:40:20','2015-10-07 15:40:20','0000-00-00 00:00:00'),(28,13,14,1,16.74,'2015-10-07 15:40:20','2015-10-07 15:40:20','0000-00-00 00:00:00'),(29,14,8,2,47.51,'2015-10-07 15:40:20','2015-10-07 15:40:20','0000-00-00 00:00:00'),(30,14,10,2,74.53,'2015-10-07 15:40:20','2015-10-07 15:40:20','0000-00-00 00:00:00'),(31,15,2,3,79.34,'2015-10-07 15:40:20','2015-10-07 15:40:20','0000-00-00 00:00:00'),(32,15,16,1,67.10,'2015-10-07 15:40:20','2015-10-07 15:40:20','0000-00-00 00:00:00'),(33,16,5,3,92.29,'2015-10-07 15:40:20','2015-10-07 15:40:20','0000-00-00 00:00:00'),(34,16,16,2,67.10,'2015-10-07 15:40:20','2015-10-07 15:40:20','0000-00-00 00:00:00'),(35,16,10,1,74.53,'2015-10-07 15:40:20','2015-10-07 15:40:20','0000-00-00 00:00:00'),(36,16,11,2,82.90,'2015-10-07 15:40:20','2015-10-07 15:40:20','0000-00-00 00:00:00'),(37,17,17,3,37.31,'2015-10-07 15:40:20','2015-10-07 15:40:20','0000-00-00 00:00:00'),(38,17,1,2,92.78,'2015-10-07 15:40:20','2015-10-07 15:40:20','0000-00-00 00:00:00'),(39,17,2,2,79.34,'2015-10-07 15:40:20','2015-10-07 15:40:20','0000-00-00 00:00:00'),(40,18,13,1,18.26,'2015-10-07 15:40:20','2015-10-07 15:40:20','0000-00-00 00:00:00'),(41,18,10,3,74.53,'2015-10-07 15:40:20','2015-10-07 15:40:20','0000-00-00 00:00:00'),(42,18,9,2,71.20,'2015-10-07 15:40:20','2015-10-07 15:40:20','0000-00-00 00:00:00'),(43,19,14,3,16.74,'2015-10-07 15:40:20','2015-10-07 15:40:20','0000-00-00 00:00:00'),(44,19,1,3,92.78,'2015-10-07 15:40:20','2015-10-07 15:40:20','0000-00-00 00:00:00'),(45,20,6,3,77.37,'2015-10-07 15:40:20','2015-10-07 15:40:20','0000-00-00 00:00:00'),(46,21,17,1,37.31,'2015-10-07 15:53:01','2015-10-07 15:53:01','0000-00-00 00:00:00'),(47,21,18,1,43.55,'2015-10-07 15:53:01','2015-10-07 15:53:01','0000-00-00 00:00:00'),(48,22,17,1,37.31,'2015-10-07 15:53:09','2015-10-07 15:53:09','0000-00-00 00:00:00'),(49,22,18,1,43.55,'2015-10-07 15:53:09','2015-10-07 15:53:09','0000-00-00 00:00:00'),(50,23,17,1,37.31,'2015-10-07 15:57:38','2015-10-07 15:57:38','0000-00-00 00:00:00'),(51,23,18,1,43.55,'2015-10-07 15:57:38','2015-10-07 15:57:38','0000-00-00 00:00:00'),(52,24,17,1,37.31,'2015-10-07 15:58:07','2015-10-07 15:58:07','0000-00-00 00:00:00'),(53,24,18,1,43.55,'2015-10-07 15:58:07','2015-10-07 15:58:07','0000-00-00 00:00:00'),(54,25,17,1,37.31,'2015-10-07 15:59:32','2015-10-07 15:59:32','0000-00-00 00:00:00'),(55,25,18,1,43.55,'2015-10-07 15:59:32','2015-10-07 15:59:32','0000-00-00 00:00:00'),(56,26,17,1,37.31,'2015-10-07 16:02:47','2015-10-07 16:02:47','0000-00-00 00:00:00'),(57,26,18,1,43.55,'2015-10-07 16:02:47','2015-10-07 16:02:47','0000-00-00 00:00:00'),(58,28,1,1,92.78,'2015-10-08 03:01:57','2015-10-08 03:01:57','0000-00-00 00:00:00'),(59,28,2,1,79.34,'2015-10-08 03:01:57','2015-10-08 03:01:57','0000-00-00 00:00:00'),(60,28,6,1,77.37,'2015-10-08 03:01:57','2015-10-08 03:01:57','0000-00-00 00:00:00'),(61,29,1,1,92.78,'2015-10-08 03:02:20','2015-10-08 03:02:20','0000-00-00 00:00:00'),(62,29,2,1,79.34,'2015-10-08 03:02:20','2015-10-08 03:02:20','0000-00-00 00:00:00'),(63,29,6,1,77.37,'2015-10-08 03:02:20','2015-10-08 03:02:20','0000-00-00 00:00:00'),(64,30,1,1,92.78,'2015-10-08 03:02:32','2015-10-08 03:02:32','0000-00-00 00:00:00'),(65,30,2,1,79.34,'2015-10-08 03:02:32','2015-10-08 03:02:32','0000-00-00 00:00:00'),(66,30,6,1,77.37,'2015-10-08 03:02:32','2015-10-08 03:02:32','0000-00-00 00:00:00'),(67,31,1,1,92.78,'2015-10-08 03:05:07','2015-10-08 03:05:07','0000-00-00 00:00:00'),(68,31,2,1,79.34,'2015-10-08 03:05:07','2015-10-08 03:05:07','0000-00-00 00:00:00'),(69,31,6,1,77.37,'2015-10-08 03:05:07','2015-10-08 03:05:07','0000-00-00 00:00:00'),(70,32,1,1,92.78,'2015-10-08 03:06:15','2015-10-08 03:06:15','0000-00-00 00:00:00'),(71,32,2,1,79.34,'2015-10-08 03:06:15','2015-10-08 03:06:15','0000-00-00 00:00:00'),(72,32,6,1,77.37,'2015-10-08 03:06:15','2015-10-08 03:06:15','0000-00-00 00:00:00'),(73,33,1,1,92.78,'2015-10-08 03:07:31','2015-10-08 03:07:31','0000-00-00 00:00:00'),(74,33,2,1,79.34,'2015-10-08 03:07:31','2015-10-08 03:07:31','0000-00-00 00:00:00'),(75,33,6,1,77.37,'2015-10-08 03:07:31','2015-10-08 03:07:31','0000-00-00 00:00:00'),(76,34,1,1,92.78,'2015-10-08 03:07:53','2015-10-08 03:07:53','0000-00-00 00:00:00'),(77,34,2,1,79.34,'2015-10-08 03:07:53','2015-10-08 03:07:53','0000-00-00 00:00:00'),(78,34,6,1,77.37,'2015-10-08 03:07:53','2015-10-08 03:07:53','0000-00-00 00:00:00'),(79,35,1,1,92.78,'2015-10-08 03:09:24','2015-10-08 03:09:24','0000-00-00 00:00:00'),(80,35,2,1,79.34,'2015-10-08 03:09:24','2015-10-08 03:09:24','0000-00-00 00:00:00'),(81,35,6,1,77.37,'2015-10-08 03:09:24','2015-10-08 03:09:24','0000-00-00 00:00:00'),(82,36,1,85,92.78,'2015-10-08 05:22:59','2015-10-08 05:22:59','0000-00-00 00:00:00'),(83,36,2,1,79.34,'2015-10-08 05:22:59','2015-10-08 05:22:59','0000-00-00 00:00:00'),(84,37,1,1,125.00,'2015-10-08 05:33:25','2015-10-08 05:33:25','0000-00-00 00:00:00'),(85,37,2,1,125.00,'2015-10-08 05:33:25','2015-10-08 05:33:25','0000-00-00 00:00:00'),(86,37,3,1,125.00,'2015-10-08 05:33:25','2015-10-08 05:33:25','0000-00-00 00:00:00'),(87,37,2,1,125.00,'2015-10-08 05:33:25','2015-10-08 05:33:25','0000-00-00 00:00:00'),(88,38,1,1,125.00,'2015-10-08 06:35:09','2015-10-08 06:35:09','0000-00-00 00:00:00'),(89,38,2,1,125.00,'2015-10-08 06:35:09','2015-10-08 06:35:09','0000-00-00 00:00:00'),(90,38,3,1,125.00,'2015-10-08 06:35:09','2015-10-08 06:35:09','0000-00-00 00:00:00'),(91,38,4,1,125.00,'2015-10-08 06:35:09','2015-10-08 06:35:09','0000-00-00 00:00:00'),(92,38,5,1,80.00,'2015-10-08 06:35:09','2015-10-08 06:35:09','0000-00-00 00:00:00'),(93,39,1,1,125.00,'2015-10-08 13:02:20','2015-10-08 13:02:20','0000-00-00 00:00:00'),(94,39,3,1,125.00,'2015-10-08 13:02:20','2015-10-08 13:02:20','0000-00-00 00:00:00'),(95,39,2,1,125.00,'2015-10-08 13:02:20','2015-10-08 13:02:20','0000-00-00 00:00:00'),(96,39,3,1,125.00,'2015-10-08 13:02:20','2015-10-08 13:02:20','0000-00-00 00:00:00'),(97,39,1,1,125.00,'2015-10-08 13:02:20','2015-10-08 13:02:20','0000-00-00 00:00:00'),(98,39,2,1,125.00,'2015-10-08 13:02:20','2015-10-08 13:02:20','0000-00-00 00:00:00'),(99,39,5,1,80.00,'2015-10-08 13:02:20','2015-10-08 13:02:20','0000-00-00 00:00:00'),(100,39,6,1,75.00,'2015-10-08 13:02:20','2015-10-08 13:02:20','0000-00-00 00:00:00'),(101,39,6,1,75.00,'2015-10-08 13:02:20','2015-10-08 13:02:20','0000-00-00 00:00:00'),(102,39,6,1,75.00,'2015-10-08 13:02:20','2015-10-08 13:02:20','0000-00-00 00:00:00'),(103,39,6,1,75.00,'2015-10-08 13:02:20','2015-10-08 13:02:20','0000-00-00 00:00:00'),(104,39,6,1,75.00,'2015-10-08 13:02:20','2015-10-08 13:02:20','0000-00-00 00:00:00'),(105,39,6,1,75.00,'2015-10-08 13:02:20','2015-10-08 13:02:20','0000-00-00 00:00:00'),(106,39,6,1,75.00,'2015-10-08 13:02:20','2015-10-08 13:02:20','0000-00-00 00:00:00'),(107,39,6,1,75.00,'2015-10-08 13:02:20','2015-10-08 13:02:20','0000-00-00 00:00:00'),(108,39,6,1,75.00,'2015-10-08 13:02:20','2015-10-08 13:02:20','0000-00-00 00:00:00'),(109,39,6,1,75.00,'2015-10-08 13:02:20','2015-10-08 13:02:20','0000-00-00 00:00:00'),(110,40,1,1,125.00,'2015-10-08 13:02:23','2015-10-08 13:02:23','0000-00-00 00:00:00'),(111,40,3,1,125.00,'2015-10-08 13:02:23','2015-10-08 13:02:23','0000-00-00 00:00:00'),(112,40,2,1,125.00,'2015-10-08 13:02:23','2015-10-08 13:02:23','0000-00-00 00:00:00'),(113,40,3,1,125.00,'2015-10-08 13:02:23','2015-10-08 13:02:23','0000-00-00 00:00:00'),(114,40,1,1,125.00,'2015-10-08 13:02:23','2015-10-08 13:02:24','0000-00-00 00:00:00'),(115,40,2,1,125.00,'2015-10-08 13:02:24','2015-10-08 13:02:24','0000-00-00 00:00:00'),(116,40,5,1,80.00,'2015-10-08 13:02:24','2015-10-08 13:02:24','0000-00-00 00:00:00'),(117,40,6,1,75.00,'2015-10-08 13:02:24','2015-10-08 13:02:24','0000-00-00 00:00:00'),(118,40,6,1,75.00,'2015-10-08 13:02:24','2015-10-08 13:02:24','0000-00-00 00:00:00'),(119,40,6,1,75.00,'2015-10-08 13:02:24','2015-10-08 13:02:24','0000-00-00 00:00:00'),(120,40,6,1,75.00,'2015-10-08 13:02:24','2015-10-08 13:02:24','0000-00-00 00:00:00'),(121,40,6,1,75.00,'2015-10-08 13:02:24','2015-10-08 13:02:24','0000-00-00 00:00:00'),(122,40,6,1,75.00,'2015-10-08 13:02:24','2015-10-08 13:02:24','0000-00-00 00:00:00'),(123,40,6,1,75.00,'2015-10-08 13:02:24','2015-10-08 13:02:24','0000-00-00 00:00:00'),(124,40,6,1,75.00,'2015-10-08 13:02:24','2015-10-08 13:02:24','0000-00-00 00:00:00'),(125,40,6,1,75.00,'2015-10-08 13:02:24','2015-10-08 13:02:24','0000-00-00 00:00:00'),(126,40,6,1,75.00,'2015-10-08 13:02:24','2015-10-08 13:02:24','0000-00-00 00:00:00'),(127,41,1,1,125.00,'2015-10-10 06:27:16','2015-10-10 06:27:16','0000-00-00 00:00:00'),(128,41,2,1,125.00,'2015-10-10 06:27:16','2015-10-10 06:27:16','0000-00-00 00:00:00'),(129,41,6,1,75.00,'2015-10-10 06:27:16','2015-10-10 06:27:16','0000-00-00 00:00:00'),(130,42,1,1,125.00,'2015-10-10 10:57:12','2015-10-10 10:57:12','0000-00-00 00:00:00'),(131,42,2,1,125.00,'2015-10-10 10:57:12','2015-10-10 10:57:12','0000-00-00 00:00:00'),(132,42,6,1,75.00,'2015-10-10 10:57:12','2015-10-10 10:57:12','0000-00-00 00:00:00'),(133,43,1,1,125.00,'2015-10-10 10:57:17','2015-10-10 10:57:17','0000-00-00 00:00:00'),(134,43,2,1,125.00,'2015-10-10 10:57:17','2015-10-10 10:57:17','0000-00-00 00:00:00'),(135,43,6,1,75.00,'2015-10-10 10:57:17','2015-10-10 10:57:17','0000-00-00 00:00:00'),(136,44,1,1,125.00,'2015-10-10 10:57:25','2015-10-10 10:57:25','0000-00-00 00:00:00'),(137,44,2,1,125.00,'2015-10-10 10:57:25','2015-10-10 10:57:25','0000-00-00 00:00:00'),(138,44,6,1,75.00,'2015-10-10 10:57:25','2015-10-10 10:57:25','0000-00-00 00:00:00'),(139,45,1,1,125.00,'2015-10-11 15:46:13','2015-10-11 15:46:13','0000-00-00 00:00:00'),(140,45,2,1,125.00,'2015-10-11 15:46:13','2015-10-11 15:46:13','0000-00-00 00:00:00'),(141,45,1,1,125.00,'2015-10-11 15:46:13','2015-10-11 15:46:13','0000-00-00 00:00:00'),(142,45,1,1,125.00,'2015-10-11 15:46:13','2015-10-11 15:46:13','0000-00-00 00:00:00'),(143,45,1,1,125.00,'2015-10-11 15:46:13','2015-10-11 15:46:13','0000-00-00 00:00:00'),(144,46,1,1,125.00,'2015-10-11 15:46:16','2015-10-11 15:46:16','0000-00-00 00:00:00'),(145,46,2,1,125.00,'2015-10-11 15:46:16','2015-10-11 15:46:16','0000-00-00 00:00:00'),(146,46,1,1,125.00,'2015-10-11 15:46:16','2015-10-11 15:46:16','0000-00-00 00:00:00'),(147,46,1,1,125.00,'2015-10-11 15:46:16','2015-10-11 15:46:16','0000-00-00 00:00:00'),(148,46,1,1,125.00,'2015-10-11 15:46:16','2015-10-11 15:46:16','0000-00-00 00:00:00'),(149,47,1,1,125.00,'2015-10-11 15:46:46','2015-10-11 15:46:46','0000-00-00 00:00:00'),(150,47,6,1,75.00,'2015-10-11 15:46:46','2015-10-11 15:46:46','0000-00-00 00:00:00'),(151,47,5,1,80.00,'2015-10-11 15:46:46','2015-10-11 15:46:46','0000-00-00 00:00:00'),(152,47,4,1,125.00,'2015-10-11 15:46:46','2015-10-11 15:46:46','0000-00-00 00:00:00'),(153,48,1,1,125.00,'2015-10-12 01:44:44','2015-10-12 01:44:44','0000-00-00 00:00:00'),(154,48,2,1,125.00,'2015-10-12 01:44:44','2015-10-12 01:44:44','0000-00-00 00:00:00'),(155,48,6,1,75.00,'2015-10-12 01:44:44','2015-10-12 01:44:44','0000-00-00 00:00:00'),(156,49,1,1,125.00,'2015-10-12 01:44:51','2015-10-12 01:44:51','0000-00-00 00:00:00'),(157,49,2,1,125.00,'2015-10-12 01:44:51','2015-10-12 01:44:51','0000-00-00 00:00:00'),(158,49,6,1,75.00,'2015-10-12 01:44:51','2015-10-12 01:44:51','0000-00-00 00:00:00'),(159,50,1,1,125.00,'2015-10-12 01:45:27','2015-10-12 01:45:27','0000-00-00 00:00:00'),(160,50,2,1,125.00,'2015-10-12 01:45:27','2015-10-12 01:45:27','0000-00-00 00:00:00'),(161,50,6,1,75.00,'2015-10-12 01:45:27','2015-10-12 01:45:27','0000-00-00 00:00:00'),(162,51,1,1,125.00,'2015-10-12 05:26:07','2015-10-12 05:26:07','0000-00-00 00:00:00'),(163,51,2,1,125.00,'2015-10-12 05:26:07','2015-10-12 05:26:07','0000-00-00 00:00:00'),(164,51,6,1,75.00,'2015-10-12 05:26:07','2015-10-12 05:26:07','0000-00-00 00:00:00'),(165,52,1,1,125.00,'2015-10-12 06:24:59','2015-10-12 06:24:59','0000-00-00 00:00:00'),(166,52,2,1,125.00,'2015-10-12 06:24:59','2015-10-12 06:24:59','0000-00-00 00:00:00'),(167,52,6,1,75.00,'2015-10-12 06:24:59','2015-10-12 06:24:59','0000-00-00 00:00:00'),(168,53,1,1,125.00,'2015-10-12 08:23:41','2015-10-12 08:23:41','0000-00-00 00:00:00'),(169,53,2,1,125.00,'2015-10-12 08:23:41','2015-10-12 08:23:41','0000-00-00 00:00:00'),(170,53,6,1,75.00,'2015-10-12 08:23:41','2015-10-12 08:23:41','0000-00-00 00:00:00'),(171,54,1,1,125.00,'2015-10-12 10:29:34','2015-10-12 10:29:34','0000-00-00 00:00:00'),(172,54,2,1,125.00,'2015-10-12 10:29:34','2015-10-12 10:29:34','0000-00-00 00:00:00'),(173,54,6,1,75.00,'2015-10-12 10:29:34','2015-10-12 10:29:34','0000-00-00 00:00:00'),(174,56,1,1,125.00,'2015-10-12 10:38:14','2015-10-12 10:38:14','0000-00-00 00:00:00'),(175,56,2,1,125.00,'2015-10-12 10:38:14','2015-10-12 10:38:14','0000-00-00 00:00:00'),(176,57,1,1,125.00,'2015-10-12 10:39:04','2015-10-12 10:39:04','0000-00-00 00:00:00'),(177,57,2,1,125.00,'2015-10-12 10:39:04','2015-10-12 10:39:05','0000-00-00 00:00:00'),(178,58,1,1,125.00,'2015-10-12 10:39:27','2015-10-12 10:39:27','0000-00-00 00:00:00'),(179,59,1,1,125.00,'2015-10-12 10:39:43','2015-10-12 10:39:43','0000-00-00 00:00:00'),(180,62,1,1,125.00,'2015-10-13 02:35:55','2015-10-13 02:35:55','0000-00-00 00:00:00'),(181,62,2,1,125.00,'2015-10-13 02:35:55','2015-10-13 02:35:55','0000-00-00 00:00:00'),(182,62,6,1,75.00,'2015-10-13 02:35:55','2015-10-13 02:35:55','0000-00-00 00:00:00'),(183,63,3,1,125.00,'2015-10-13 02:40:58','2015-10-13 02:40:58','0000-00-00 00:00:00'),(184,64,2,1,125.00,'2015-10-13 02:43:46','2015-10-13 02:43:46','0000-00-00 00:00:00'),(185,65,2,1,125.00,'2015-10-13 04:11:22','2015-10-13 04:11:22','0000-00-00 00:00:00'),(186,66,2,1,125.00,'2015-10-13 04:12:49','2015-10-13 04:12:49','0000-00-00 00:00:00'),(187,67,2,1,125.00,'2015-10-13 04:18:39','2015-10-13 04:18:39','0000-00-00 00:00:00'),(188,68,2,1,125.00,'2015-10-13 05:24:46','2015-10-13 05:24:46','0000-00-00 00:00:00'),(189,69,2,1,125.00,'2015-10-13 05:26:06','2015-10-13 05:26:06','0000-00-00 00:00:00'),(190,70,2,1,125.00,'2015-10-13 05:29:34','2015-10-13 05:29:34','0000-00-00 00:00:00'),(191,71,2,1,125.00,'2015-10-13 05:30:40','2015-10-13 05:30:40','0000-00-00 00:00:00'),(192,72,0,0,0.00,'2015-10-13 05:34:37','2015-10-13 05:34:37','0000-00-00 00:00:00'),(193,73,1,1,125.00,'2015-10-13 06:13:47','2015-10-13 06:13:47','0000-00-00 00:00:00'),(194,74,1,1,125.00,'2015-10-13 06:15:58','2015-10-13 06:15:58','0000-00-00 00:00:00'),(195,75,1,1,125.00,'2015-10-13 07:10:47','2015-10-13 07:10:47','0000-00-00 00:00:00'),(196,76,1,1,125.00,'2015-10-13 07:12:20','2015-10-13 07:12:20','0000-00-00 00:00:00'),(197,77,1,2,125.00,'2015-10-13 16:46:40','2015-10-13 16:46:40','0000-00-00 00:00:00'),(198,78,3,1,125.00,'2015-10-14 04:51:42','2015-10-14 04:51:42','0000-00-00 00:00:00'),(199,79,1,1,125.00,'2015-10-14 04:51:53','2015-10-14 04:51:53','0000-00-00 00:00:00'),(200,80,0,0,0.00,'2015-10-14 06:58:58','2015-10-14 06:58:58','0000-00-00 00:00:00'),(201,81,2,2,125.00,'2015-10-14 07:41:18','2015-10-14 07:41:19','0000-00-00 00:00:00'),(202,82,2,1,125.00,'2015-10-14 07:41:41','2015-10-14 07:41:41','0000-00-00 00:00:00'),(203,83,2,1,125.00,'2015-10-14 07:42:13','2015-10-14 07:42:13','0000-00-00 00:00:00'),(204,84,2,1,125.00,'2015-10-14 07:42:19','2015-10-14 07:42:19','0000-00-00 00:00:00'),(205,84,2,1,125.00,'2015-10-14 07:42:19','2015-10-14 07:42:19','0000-00-00 00:00:00'),(206,85,0,0,0.00,'2015-10-14 07:42:44','2015-10-14 07:42:44','0000-00-00 00:00:00'),(207,86,1,3,125.00,'2015-10-14 07:48:45','2015-10-14 07:48:45','0000-00-00 00:00:00'),(208,87,2,1,125.00,'2015-10-14 07:49:25','2015-10-14 07:49:25','0000-00-00 00:00:00'),(209,88,2,1,125.00,'2015-10-14 07:49:52','2015-10-14 07:49:52','0000-00-00 00:00:00'),(210,89,2,1,125.00,'2015-10-14 08:00:33','2015-10-14 08:00:33','0000-00-00 00:00:00'),(211,90,2,1,125.00,'2015-10-14 08:04:12','2015-10-14 08:04:12','0000-00-00 00:00:00'),(212,91,2,1,125.00,'2015-10-14 08:05:45','2015-10-14 08:05:45','0000-00-00 00:00:00'),(213,92,2,1,125.00,'2015-10-14 08:06:59','2015-10-14 08:06:59','0000-00-00 00:00:00'),(214,93,0,0,0.00,'2015-10-14 08:07:20','2015-10-14 08:07:20','0000-00-00 00:00:00'),(215,94,2,1,125.00,'2015-10-14 08:09:02','2015-10-14 08:09:02','0000-00-00 00:00:00'),(216,95,2,1,125.00,'2015-10-14 08:10:37','2015-10-14 08:10:37','0000-00-00 00:00:00'),(217,96,1,2,125.00,'2015-10-14 08:51:00','2015-10-14 08:51:00','0000-00-00 00:00:00'),(218,97,1,2,125.00,'2015-10-14 08:51:42','2015-10-14 08:51:42','0000-00-00 00:00:00'),(219,97,1,2,125.00,'2015-10-14 08:51:42','2015-10-14 08:51:42','0000-00-00 00:00:00'),(220,98,1,2,125.00,'2015-10-14 08:51:45','2015-10-14 08:51:45','0000-00-00 00:00:00'),(221,98,1,2,125.00,'2015-10-14 08:51:45','2015-10-14 08:51:45','0000-00-00 00:00:00'),(222,98,1,2,125.00,'2015-10-14 08:51:45','2015-10-14 08:51:45','0000-00-00 00:00:00'),(223,99,1,2,125.00,'2015-10-14 08:51:48','2015-10-14 08:51:48','0000-00-00 00:00:00'),(224,99,1,2,125.00,'2015-10-14 08:51:48','2015-10-14 08:51:48','0000-00-00 00:00:00'),(225,99,1,2,125.00,'2015-10-14 08:51:48','2015-10-14 08:51:48','0000-00-00 00:00:00'),(226,99,1,2,125.00,'2015-10-14 08:51:48','2015-10-14 08:51:48','0000-00-00 00:00:00'),(227,100,2,1,125.00,'2015-10-14 08:53:07','2015-10-14 08:53:07','0000-00-00 00:00:00'),(228,101,0,0,0.00,'2015-10-14 08:53:22','2015-10-14 08:53:22','0000-00-00 00:00:00'),(229,102,2,1,125.00,'2015-10-14 09:46:38','2015-10-14 09:46:38','0000-00-00 00:00:00'),(230,103,2,1,125.00,'2015-10-14 09:48:11','2015-10-14 09:48:11','0000-00-00 00:00:00'),(231,104,2,1,125.00,'2015-10-14 09:49:30','2015-10-14 09:49:30','0000-00-00 00:00:00'),(232,105,2,1,125.00,'2015-10-14 09:49:54','2015-10-14 09:49:54','0000-00-00 00:00:00'),(233,105,2,1,125.00,'2015-10-14 09:49:54','2015-10-14 09:49:54','0000-00-00 00:00:00'),(234,106,1,1,125.00,'2015-10-14 10:10:36','2015-10-14 10:10:36','0000-00-00 00:00:00'),(235,107,2,1,125.00,'2015-10-14 10:40:27','2015-10-14 10:40:27','0000-00-00 00:00:00'),(236,108,2,1,125.00,'2015-10-14 10:40:31','2015-10-14 10:40:31','0000-00-00 00:00:00'),(237,108,2,1,125.00,'2015-10-14 10:40:31','2015-10-14 10:40:31','0000-00-00 00:00:00'),(238,109,2,1,125.00,'2015-10-14 10:40:33','2015-10-14 10:40:33','0000-00-00 00:00:00'),(239,109,2,1,125.00,'2015-10-14 10:40:33','2015-10-14 10:40:33','0000-00-00 00:00:00'),(240,109,2,1,125.00,'2015-10-14 10:40:33','2015-10-14 10:40:33','0000-00-00 00:00:00'),(241,110,2,1,125.00,'2015-10-14 10:42:49','2015-10-14 10:42:49','0000-00-00 00:00:00'),(242,111,2,1,125.00,'2015-10-14 10:43:10','2015-10-14 10:43:10','0000-00-00 00:00:00'),(243,111,2,1,125.00,'2015-10-14 10:43:10','2015-10-14 10:43:10','0000-00-00 00:00:00'),(244,112,2,1,125.00,'2015-10-14 10:59:42','2015-10-14 10:59:42','0000-00-00 00:00:00'),(245,113,2,1,125.00,'2015-10-14 11:02:10','2015-10-14 11:02:10','0000-00-00 00:00:00'),(246,114,2,1,125.00,'2015-10-14 11:05:29','2015-10-14 11:05:29','0000-00-00 00:00:00'),(247,115,2,1,125.00,'2015-10-14 11:07:24','2015-10-14 11:07:24','0000-00-00 00:00:00'),(248,116,2,1,125.00,'2015-10-14 11:07:43','2015-10-14 11:07:43','0000-00-00 00:00:00'),(249,117,2,1,125.00,'2015-10-14 11:08:16','2015-10-14 11:08:16','0000-00-00 00:00:00'),(250,118,2,1,125.00,'2015-10-14 11:25:58','2015-10-14 11:25:58','0000-00-00 00:00:00'),(251,119,2,1,125.00,'2015-10-14 11:27:06','2015-10-14 11:27:06','0000-00-00 00:00:00'),(252,120,2,2,125.00,'2015-10-14 11:40:56','2015-10-14 11:40:56','0000-00-00 00:00:00'),(253,121,0,0,0.00,'2015-10-14 13:17:44','2015-10-14 13:17:44','0000-00-00 00:00:00'),(254,122,2,1,125.00,'2015-10-14 14:05:32','2015-10-14 14:05:32','0000-00-00 00:00:00'),(255,123,4,2,125.00,'2015-10-14 16:22:28','2015-10-14 16:22:28','0000-00-00 00:00:00'),(256,124,1,1,125.00,'2015-10-14 16:58:57','2015-10-14 16:58:57','0000-00-00 00:00:00'),(257,125,1,1,125.00,'2015-10-14 17:09:35','2015-10-14 17:09:35','0000-00-00 00:00:00'),(258,126,1,1,125.00,'2015-10-14 17:09:38','2015-10-14 17:09:38','0000-00-00 00:00:00'),(259,127,1,1,125.00,'2015-10-14 17:09:41','2015-10-14 17:09:41','0000-00-00 00:00:00'),(260,128,2,1,125.00,'2015-10-14 17:12:26','2015-10-14 17:12:26','0000-00-00 00:00:00'),(261,129,2,1,125.00,'2015-10-14 17:12:34','2015-10-14 17:12:34','0000-00-00 00:00:00'),(262,130,2,1,125.00,'2015-10-14 17:17:28','2015-10-14 17:17:28','0000-00-00 00:00:00'),(263,131,0,0,0.00,'2015-10-14 17:18:29','2015-10-14 17:18:29','0000-00-00 00:00:00'),(264,132,0,0,0.00,'2015-10-14 17:18:30','2015-10-14 17:18:30','0000-00-00 00:00:00'),(265,133,2,1,125.00,'2015-10-14 17:21:10','2015-10-14 17:21:10','0000-00-00 00:00:00'),(266,134,2,1,125.00,'2015-10-14 17:22:02','2015-10-14 17:22:02','0000-00-00 00:00:00'),(267,135,1,2,125.00,'2015-10-14 19:17:30','2015-10-14 19:17:30','0000-00-00 00:00:00'),(268,136,2,2,125.00,'2015-10-15 03:38:54','2015-10-15 03:38:54','0000-00-00 00:00:00'),(269,137,0,0,0.00,'2015-10-15 04:03:06','2015-10-15 04:03:06','0000-00-00 00:00:00'),(270,138,0,0,0.00,'2015-10-15 04:03:26','2015-10-15 04:03:26','0000-00-00 00:00:00'),(271,139,3,1,125.00,'2015-10-15 04:10:30','2015-10-15 04:10:30','0000-00-00 00:00:00'),(272,140,2,1,125.00,'2015-10-15 04:15:59','2015-10-15 04:15:59','0000-00-00 00:00:00'),(273,141,2,1,125.00,'2015-10-15 04:23:41','2015-10-15 04:23:41','0000-00-00 00:00:00'),(274,142,1,2,125.00,'2015-10-15 04:26:45','2015-10-15 04:26:45','0000-00-00 00:00:00'),(275,143,3,1,125.00,'2015-10-15 04:28:17','2015-10-15 04:28:17','0000-00-00 00:00:00'),(276,144,0,0,0.00,'2015-10-15 04:33:21','2015-10-15 04:33:21','0000-00-00 00:00:00'),(277,145,0,0,0.00,'2015-10-15 04:34:15','2015-10-15 04:34:15','0000-00-00 00:00:00'),(278,146,0,0,0.00,'2015-10-15 04:50:33','2015-10-15 04:50:33','0000-00-00 00:00:00'),(279,147,2,1,125.00,'2015-10-15 04:52:41','2015-10-15 04:52:41','0000-00-00 00:00:00'),(280,148,4,6,125.00,'2015-10-15 06:26:41','2015-10-15 06:26:41','0000-00-00 00:00:00'),(281,149,0,0,0.00,'2015-10-15 07:56:37','2015-10-15 07:56:37','0000-00-00 00:00:00'),(282,150,0,0,0.00,'2015-10-15 07:57:24','2015-10-15 07:57:24','0000-00-00 00:00:00'),(283,151,0,0,0.00,'2015-10-15 16:50:48','2015-10-15 16:50:48','0000-00-00 00:00:00'),(284,152,0,0,0.00,'2015-10-15 16:51:10','2015-10-15 16:51:10','0000-00-00 00:00:00'),(285,153,2,2,125.00,'2015-10-15 17:05:40','2015-10-15 17:05:40','0000-00-00 00:00:00'),(286,154,0,0,0.00,'2015-10-15 17:06:17','2015-10-15 17:06:17','0000-00-00 00:00:00'),(287,155,0,0,0.00,'2015-10-15 17:06:37','2015-10-15 17:06:37','0000-00-00 00:00:00'),(288,156,2,1,125.00,'2015-10-15 17:07:10','2015-10-15 17:07:10','0000-00-00 00:00:00'),(289,157,1,1,125.00,'2015-10-15 17:31:56','2015-10-15 17:31:56','0000-00-00 00:00:00'),(290,157,2,1,125.00,'2015-10-15 17:31:56','2015-10-15 17:31:56','0000-00-00 00:00:00'),(291,157,6,1,75.00,'2015-10-15 17:31:56','2015-10-15 17:31:56','0000-00-00 00:00:00'),(292,158,1,1,125.00,'2015-10-15 17:34:01','2015-10-15 17:34:01','0000-00-00 00:00:00'),(293,158,2,1,125.00,'2015-10-15 17:34:01','2015-10-15 17:34:01','0000-00-00 00:00:00'),(294,158,6,1,75.00,'2015-10-15 17:34:01','2015-10-15 17:34:01','0000-00-00 00:00:00'),(295,159,1,1,125.00,'2015-10-15 18:08:10','2015-10-15 18:08:10','0000-00-00 00:00:00'),(296,159,2,1,125.00,'2015-10-15 18:08:10','2015-10-15 18:08:10','0000-00-00 00:00:00'),(297,159,6,1,75.00,'2015-10-15 18:08:10','2015-10-15 18:08:10','0000-00-00 00:00:00'),(298,160,1,1,125.00,'2015-10-15 18:10:28','2015-10-15 18:10:28','0000-00-00 00:00:00'),(299,160,2,1,125.00,'2015-10-15 18:10:28','2015-10-15 18:10:28','0000-00-00 00:00:00'),(300,160,6,1,75.00,'2015-10-15 18:10:28','2015-10-15 18:10:28','0000-00-00 00:00:00'),(301,161,0,0,0.00,'2015-10-15 18:13:17','2015-10-15 18:13:17','0000-00-00 00:00:00'),(302,162,2,2,125.00,'2015-10-15 18:16:38','2015-10-15 18:16:38','0000-00-00 00:00:00'),(303,163,0,0,0.00,'2015-10-16 06:36:30','2015-10-16 06:36:30','0000-00-00 00:00:00'),(304,164,1,1,125.00,'2015-10-17 03:52:39','2015-10-17 03:52:39','0000-00-00 00:00:00'),(305,164,2,1,125.00,'2015-10-17 03:52:39','2015-10-17 03:52:39','0000-00-00 00:00:00'),(306,164,6,1,75.00,'2015-10-17 03:52:39','2015-10-17 03:52:39','0000-00-00 00:00:00'),(307,166,2,1,125.00,'2015-10-17 03:55:39','2015-10-17 03:55:39','0000-00-00 00:00:00'),(308,167,1,1,125.00,'2015-10-18 15:00:18','2015-10-18 15:00:18','0000-00-00 00:00:00'),(309,167,2,1,125.00,'2015-10-18 15:00:18','2015-10-18 15:00:18','0000-00-00 00:00:00'),(310,167,6,1,75.00,'2015-10-18 15:00:18','2015-10-18 15:00:18','0000-00-00 00:00:00'),(311,171,1,1,125.00,'2015-10-18 15:19:49','2015-10-18 15:19:49','0000-00-00 00:00:00'),(312,174,1,1,125.00,'2015-10-20 13:55:06','2015-10-20 13:55:06','0000-00-00 00:00:00'),(313,175,1,1,125.00,'2015-10-20 13:55:22','2015-10-20 13:55:22','0000-00-00 00:00:00'),(314,176,1,1,125.00,'2015-10-21 06:35:20','2015-10-21 06:35:20','0000-00-00 00:00:00'),(315,177,1,1,125.00,'2015-10-21 06:43:54','2015-10-21 06:43:54','0000-00-00 00:00:00'),(316,178,1,1,125.00,'2015-10-21 06:44:34','2015-10-21 06:44:34','0000-00-00 00:00:00'),(317,179,1,10,125.00,'2015-10-21 13:09:36','2015-10-21 13:09:36','0000-00-00 00:00:00'),(318,179,3,15,125.00,'2015-10-21 13:09:36','2015-10-21 13:09:36','0000-00-00 00:00:00'),(319,180,1,1,125.00,'2015-10-21 13:22:54','2015-10-21 13:22:54','0000-00-00 00:00:00'),(320,180,2,1,125.00,'2015-10-21 13:22:54','2015-10-21 13:22:54','0000-00-00 00:00:00'),(321,180,6,1,75.00,'2015-10-21 13:22:54','2015-10-21 13:22:54','0000-00-00 00:00:00'),(322,182,1,1,125.00,'2015-10-21 13:42:12','2015-10-21 13:42:12','0000-00-00 00:00:00'),(323,182,2,1,125.00,'2015-10-21 13:42:12','2015-10-21 13:42:12','0000-00-00 00:00:00'),(324,182,6,1,75.00,'2015-10-21 13:42:12','2015-10-21 13:42:12','0000-00-00 00:00:00'),(325,183,1,1,125.00,'2015-10-25 06:20:08','2015-10-25 06:20:08','0000-00-00 00:00:00'),(326,183,2,1,125.00,'2015-10-25 06:20:08','2015-10-25 06:20:08','0000-00-00 00:00:00'),(327,183,6,1,75.00,'2015-10-25 06:20:08','2015-10-25 06:20:08','0000-00-00 00:00:00'),(328,200,1,1,125.00,'2015-10-25 07:29:28','2015-10-25 07:29:28','0000-00-00 00:00:00'),(329,200,2,1,125.00,'2015-10-25 07:29:28','2015-10-25 07:29:28','0000-00-00 00:00:00'),(330,200,6,1,75.00,'2015-10-25 07:29:28','2015-10-25 07:29:28','0000-00-00 00:00:00'),(331,201,1,1,125.00,'2015-10-25 07:29:35','2015-10-25 07:29:35','0000-00-00 00:00:00'),(332,204,2,1,125.00,'2015-10-25 07:55:14','2015-10-25 07:55:14','0000-00-00 00:00:00'),(333,205,1,1,125.00,'2015-10-25 07:57:14','2015-10-25 07:57:14','0000-00-00 00:00:00'),(334,206,1,1,125.00,'2015-10-25 07:59:26','2015-10-25 07:59:26','0000-00-00 00:00:00'),(335,207,1,1,125.00,'2015-10-25 07:59:45','2015-10-25 07:59:45','0000-00-00 00:00:00'),(336,208,2,1,125.00,'2015-10-25 08:02:48','2015-10-25 08:02:48','0000-00-00 00:00:00'),(337,209,1,1,125.00,'2015-10-25 08:06:59','2015-10-25 08:06:59','0000-00-00 00:00:00'),(338,209,2,1,125.00,'2015-10-25 08:06:59','2015-10-25 08:06:59','0000-00-00 00:00:00'),(339,209,6,1,75.00,'2015-10-25 08:06:59','2015-10-25 08:06:59','0000-00-00 00:00:00'),(340,210,6,1,75.00,'2015-10-25 17:11:46','2015-10-25 17:11:46','0000-00-00 00:00:00'),(341,210,5,1,80.00,'2015-10-25 17:11:46','2015-10-25 17:11:46','0000-00-00 00:00:00'),(342,211,2,1,125.00,'2015-10-26 14:54:30','2015-10-26 14:54:30','0000-00-00 00:00:00'),(343,212,2,1,125.00,'2015-10-26 14:58:20','2015-10-26 14:58:20','0000-00-00 00:00:00'),(344,213,2,1,125.00,'2015-10-26 15:12:58','2015-10-26 15:12:58','0000-00-00 00:00:00'),(345,214,1,1,125.00,'2015-10-26 15:15:48','2015-10-26 15:15:48','0000-00-00 00:00:00'),(346,215,1,1,125.00,'2015-10-26 15:24:56','2015-10-26 15:24:56','0000-00-00 00:00:00'),(347,216,2,1,125.00,'2015-10-26 15:26:58','2015-10-26 15:26:58','0000-00-00 00:00:00'),(348,217,2,1,125.00,'2015-10-26 15:28:09','2015-10-26 15:28:09','0000-00-00 00:00:00'),(349,218,2,1,125.00,'2015-10-26 15:32:29','2015-10-26 15:32:29','0000-00-00 00:00:00'),(350,219,1,1,125.00,'2015-10-26 15:33:25','2015-10-26 15:33:25','0000-00-00 00:00:00'),(351,220,2,1,125.00,'2015-10-26 15:38:13','2015-10-26 15:38:13','0000-00-00 00:00:00'),(352,221,2,1,125.00,'2015-10-26 15:42:11','2015-10-26 15:42:11','0000-00-00 00:00:00'),(353,222,1,1,125.00,'2015-10-26 15:43:05','2015-10-26 15:43:05','0000-00-00 00:00:00'),(354,223,1,1,125.00,'2015-10-27 11:26:56','2015-10-27 11:26:56','0000-00-00 00:00:00'),(355,224,0,0,0.00,'2015-10-27 11:27:09','2015-10-27 11:27:09','0000-00-00 00:00:00'),(356,225,0,0,0.00,'2015-10-27 11:58:10','2015-10-27 11:58:10','0000-00-00 00:00:00'),(357,226,2,1,125.00,'2015-10-27 11:58:43','2015-10-27 11:58:43','0000-00-00 00:00:00'),(358,227,1,1,125.00,'2015-10-27 16:54:34','2015-10-27 16:54:34','0000-00-00 00:00:00'),(359,228,2,2,125.00,'2015-10-29 05:04:40','2015-10-29 05:04:40','0000-00-00 00:00:00'),(360,229,2,1,125.00,'2015-10-29 05:44:12','2015-10-29 05:44:12','0000-00-00 00:00:00'),(361,230,2,1,125.00,'2015-10-29 07:42:32','2015-10-29 07:42:32','0000-00-00 00:00:00'),(362,231,2,1,125.00,'2015-10-29 07:56:37','2015-10-29 07:56:37','0000-00-00 00:00:00'),(363,232,2,1,125.00,'2015-10-29 07:57:50','2015-10-29 07:57:50','0000-00-00 00:00:00'),(364,233,2,1,125.00,'2015-10-29 07:58:30','2015-10-29 07:58:30','0000-00-00 00:00:00'),(365,234,2,1,125.00,'2015-10-29 08:18:53','2015-10-29 08:18:53','0000-00-00 00:00:00'),(366,235,1,1,125.00,'2015-10-29 08:32:20','2015-10-29 08:32:20','0000-00-00 00:00:00'),(367,236,1,1,125.00,'2015-10-29 08:34:37','2015-10-29 08:34:37','0000-00-00 00:00:00'),(368,237,2,1,125.00,'2015-10-29 08:36:09','2015-10-29 08:36:09','0000-00-00 00:00:00'),(369,238,1,1,125.00,'2015-10-29 10:11:27','2015-10-29 10:11:27','0000-00-00 00:00:00'),(370,239,2,2,125.00,'2015-10-29 10:11:45','2015-10-29 10:11:45','0000-00-00 00:00:00'),(371,240,4,1,125.00,'2015-10-29 10:16:24','2015-10-29 10:16:24','0000-00-00 00:00:00'),(372,241,0,0,0.00,'2015-10-29 13:48:26','2015-10-29 13:48:26','0000-00-00 00:00:00'),(373,242,2,1,125.00,'2015-10-29 15:25:39','2015-10-29 15:25:39','0000-00-00 00:00:00'),(374,243,2,2,125.00,'2015-10-29 15:28:53','2015-10-29 15:28:53','0000-00-00 00:00:00'),(375,244,1,1,125.00,'2015-10-29 15:40:20','2015-10-29 15:40:20','0000-00-00 00:00:00'),(376,244,2,1,125.00,'2015-10-29 15:40:20','2015-10-29 15:40:20','0000-00-00 00:00:00'),(377,244,6,1,75.00,'2015-10-29 15:40:20','2015-10-29 15:40:20','0000-00-00 00:00:00'),(378,245,2,1,125.00,'2015-10-29 15:45:11','2015-10-29 15:45:11','0000-00-00 00:00:00'),(379,246,0,0,0.00,'2015-10-29 15:57:18','2015-10-29 15:57:18','0000-00-00 00:00:00'),(380,247,0,0,0.00,'2015-10-29 16:04:12','2015-10-29 16:04:12','0000-00-00 00:00:00'),(381,248,0,0,0.00,'2015-10-29 16:05:40','2015-10-29 16:05:40','0000-00-00 00:00:00'),(382,249,2,2,125.00,'2015-10-29 16:09:57','2015-10-29 16:09:57','0000-00-00 00:00:00'),(383,250,2,1,125.00,'2015-10-29 17:56:58','2015-10-29 17:56:58','0000-00-00 00:00:00'),(384,251,2,1,125.00,'2015-10-29 17:57:22','2015-10-29 17:57:22','0000-00-00 00:00:00'),(385,252,2,1,125.00,'2015-10-29 17:57:56','2015-10-29 17:57:56','0000-00-00 00:00:00'),(386,253,2,1,125.00,'2015-10-29 19:18:20','2015-10-29 19:18:20','0000-00-00 00:00:00'),(387,254,2,1,125.00,'2015-10-29 19:18:23','2015-10-29 19:18:23','0000-00-00 00:00:00'),(388,255,2,1,125.00,'2015-10-29 19:18:38','2015-10-29 19:18:38','0000-00-00 00:00:00'),(389,256,2,1,125.00,'2015-10-29 19:18:38','2015-10-29 19:18:38','0000-00-00 00:00:00'),(390,257,2,1,125.00,'2015-10-29 19:18:42','2015-10-29 19:18:42','0000-00-00 00:00:00'),(391,258,2,2,125.00,'2015-10-29 19:19:05','2015-10-29 19:19:05','0000-00-00 00:00:00'),(392,259,1,1,125.00,'2015-10-29 19:20:51','2015-10-29 19:20:51','0000-00-00 00:00:00'),(393,260,1,1,125.00,'2015-10-29 19:20:53','2015-10-29 19:20:53','0000-00-00 00:00:00'),(394,261,1,1,125.00,'2015-10-29 19:20:53','2015-10-29 19:20:53','0000-00-00 00:00:00'),(395,262,1,1,125.00,'2015-10-29 19:20:53','2015-10-29 19:20:53','0000-00-00 00:00:00'),(396,263,1,1,125.00,'2015-10-29 19:20:54','2015-10-29 19:20:54','0000-00-00 00:00:00'),(397,264,1,1,125.00,'2015-10-29 19:20:54','2015-10-29 19:20:54','0000-00-00 00:00:00'),(398,265,1,1,125.00,'2015-10-29 19:20:54','2015-10-29 19:20:54','0000-00-00 00:00:00'),(399,266,1,1,125.00,'2015-10-29 19:20:54','2015-10-29 19:20:54','0000-00-00 00:00:00'),(400,267,1,1,125.00,'2015-10-29 19:20:54','2015-10-29 19:20:54','0000-00-00 00:00:00'),(401,268,1,1,125.00,'2015-10-29 19:21:44','2015-10-29 19:21:44','0000-00-00 00:00:00'),(402,269,1,1,125.00,'2015-10-29 19:22:27','2015-10-29 19:22:27','0000-00-00 00:00:00'),(403,270,1,1,125.00,'2015-10-29 19:23:39','2015-10-29 19:23:39','0000-00-00 00:00:00'),(404,271,2,1,125.00,'2015-10-29 19:31:23','2015-10-29 19:31:23','0000-00-00 00:00:00'),(405,272,2,1,125.00,'2015-10-29 19:31:26','2015-10-29 19:31:26','0000-00-00 00:00:00'),(406,273,2,1,125.00,'2015-10-29 19:31:27','2015-10-29 19:31:27','0000-00-00 00:00:00'),(407,274,2,1,125.00,'2015-10-29 19:31:28','2015-10-29 19:31:28','0000-00-00 00:00:00'),(408,275,2,1,125.00,'2015-10-29 19:31:28','2015-10-29 19:31:28','0000-00-00 00:00:00'),(409,276,2,1,125.00,'2015-10-29 19:31:29','2015-10-29 19:31:29','0000-00-00 00:00:00'),(410,277,2,1,125.00,'2015-10-29 19:31:30','2015-10-29 19:31:30','0000-00-00 00:00:00'),(411,278,2,1,125.00,'2015-10-29 19:33:52','2015-10-29 19:33:52','0000-00-00 00:00:00'),(412,279,2,1,125.00,'2015-10-29 19:37:39','2015-10-29 19:37:39','0000-00-00 00:00:00'),(413,280,2,1,125.00,'2015-10-29 19:44:41','2015-10-29 19:44:41','0000-00-00 00:00:00'),(414,281,2,1,125.00,'2015-10-29 19:51:45','2015-10-29 19:51:45','0000-00-00 00:00:00'),(415,282,4,1,125.00,'2015-10-29 19:53:09','2015-10-29 19:53:09','0000-00-00 00:00:00'),(416,283,2,1,125.00,'2015-10-29 19:54:56','2015-10-29 19:54:56','0000-00-00 00:00:00'),(417,284,2,1,125.00,'2015-10-29 19:55:09','2015-10-29 19:55:09','0000-00-00 00:00:00'),(418,285,2,1,125.00,'2015-10-29 19:58:50','2015-10-29 19:58:50','0000-00-00 00:00:00'),(419,286,2,1,125.00,'2015-10-29 19:58:57','2015-10-29 19:58:57','0000-00-00 00:00:00'),(420,287,2,1,125.00,'2015-10-29 19:58:59','2015-10-29 19:58:59','0000-00-00 00:00:00'),(421,288,2,1,125.00,'2015-10-29 19:58:59','2015-10-29 19:58:59','0000-00-00 00:00:00'),(422,289,2,1,125.00,'2015-10-29 19:59:00','2015-10-29 19:59:00','0000-00-00 00:00:00'),(423,290,2,1,125.00,'2015-10-29 19:59:00','2015-10-29 19:59:00','0000-00-00 00:00:00'),(424,291,2,1,125.00,'2015-10-29 19:59:04','2015-10-29 19:59:04','0000-00-00 00:00:00'),(425,292,2,1,125.00,'2015-10-29 19:59:04','2015-10-29 19:59:04','0000-00-00 00:00:00'),(426,293,2,1,125.00,'2015-10-29 19:59:05','2015-10-29 19:59:05','0000-00-00 00:00:00'),(427,294,2,1,125.00,'2015-10-29 19:59:06','2015-10-29 19:59:06','0000-00-00 00:00:00'),(428,295,2,1,125.00,'2015-10-29 19:59:07','2015-10-29 19:59:07','0000-00-00 00:00:00'),(429,296,2,1,125.00,'2015-10-29 19:59:07','2015-10-29 19:59:07','0000-00-00 00:00:00'),(430,297,2,1,125.00,'2015-10-29 19:59:08','2015-10-29 19:59:08','0000-00-00 00:00:00'),(431,298,2,1,125.00,'2015-10-29 19:59:09','2015-10-29 19:59:09','0000-00-00 00:00:00'),(432,299,2,1,125.00,'2015-10-29 19:59:10','2015-10-29 19:59:10','0000-00-00 00:00:00'),(433,300,2,1,125.00,'2015-10-30 05:05:39','2015-10-30 05:05:39','0000-00-00 00:00:00'),(434,301,0,0,0.00,'2015-11-04 10:01:06','2015-11-04 10:01:06','0000-00-00 00:00:00'),(435,302,3,2,125.00,'2015-11-04 16:55:17','2015-11-04 16:55:17','0000-00-00 00:00:00'),(436,303,2,1,125.00,'2015-11-04 18:12:05','2015-11-04 18:12:05','0000-00-00 00:00:00'),(437,304,2,1,125.00,'2015-11-04 18:12:48','2015-11-04 18:12:48','0000-00-00 00:00:00'),(438,305,0,0,0.00,'2015-11-04 18:15:52','2015-11-04 18:15:52','0000-00-00 00:00:00'),(439,306,2,1,125.00,'2015-11-04 18:16:08','2015-11-04 18:16:08','0000-00-00 00:00:00'),(440,307,2,1,125.00,'2015-11-04 18:22:46','2015-11-04 18:22:46','0000-00-00 00:00:00'),(441,308,2,1,125.00,'2015-11-04 18:25:45','2015-11-04 18:25:45','0000-00-00 00:00:00'),(442,309,2,1,125.00,'2015-11-04 18:34:19','2015-11-04 18:34:19','0000-00-00 00:00:00'),(443,310,2,1,125.00,'2015-11-04 18:59:46','2015-11-04 18:59:46','0000-00-00 00:00:00'),(444,311,2,1,125.00,'2015-11-04 19:04:30','2015-11-04 19:04:30','0000-00-00 00:00:00'),(445,312,2,1,125.00,'2015-11-04 19:05:00','2015-11-04 19:05:00','0000-00-00 00:00:00'),(446,313,3,2,125.00,'2015-11-05 06:41:07','2015-11-05 06:41:07','0000-00-00 00:00:00'),(447,314,0,0,0.00,'2015-11-05 06:41:25','2015-11-05 06:41:25','0000-00-00 00:00:00'),(448,315,1,1,125.00,'2015-11-05 14:21:27','2015-11-05 14:21:27','0000-00-00 00:00:00'),(449,316,1,2,125.00,'2015-11-05 14:21:35','2015-11-05 14:21:35','0000-00-00 00:00:00'),(450,317,2,1,125.00,'2015-11-06 10:30:37','2015-11-06 10:30:37','0000-00-00 00:00:00'),(451,318,2,1,125.00,'2015-11-11 06:59:17','2015-11-11 06:59:17','0000-00-00 00:00:00'),(452,319,2,1,125.00,'2015-11-11 07:26:52','2015-11-11 07:26:52','0000-00-00 00:00:00'),(453,320,1,1,125.00,'2015-11-11 07:27:38','2015-11-11 07:27:38','0000-00-00 00:00:00'),(454,320,2,1,125.00,'2015-11-11 07:27:38','2015-11-11 07:27:38','0000-00-00 00:00:00'),(455,320,6,1,75.00,'2015-11-11 07:27:38','2015-11-11 07:27:38','0000-00-00 00:00:00'),(456,321,1,1,125.00,'2015-11-11 07:28:23','2015-11-11 07:28:23','0000-00-00 00:00:00'),(457,321,2,1,125.00,'2015-11-11 07:28:23','2015-11-11 07:28:23','0000-00-00 00:00:00'),(458,321,6,1,75.00,'2015-11-11 07:28:23','2015-11-11 07:28:23','0000-00-00 00:00:00'),(459,322,2,1,125.00,'2015-11-11 07:30:39','2015-11-11 07:30:39','0000-00-00 00:00:00'),(460,323,2,1,125.00,'2015-11-11 07:31:22','2015-11-11 07:31:22','0000-00-00 00:00:00'),(461,324,2,1,125.00,'2015-11-11 07:33:03','2015-11-11 07:33:03','0000-00-00 00:00:00'),(462,325,2,1,125.00,'2015-11-11 07:36:48','2015-11-11 07:36:48','0000-00-00 00:00:00'),(463,326,2,1,125.00,'2015-11-12 05:16:00','2015-11-12 05:16:00','0000-00-00 00:00:00'),(464,327,0,0,0.00,'2015-11-12 05:27:14','2015-11-12 05:27:14','0000-00-00 00:00:00'),(465,328,0,0,0.00,'2015-11-12 05:27:17','2015-11-12 05:27:17','0000-00-00 00:00:00'),(466,329,2,1,125.00,'2015-11-12 05:27:27','2015-11-12 05:27:27','0000-00-00 00:00:00'),(467,330,2,1,125.00,'2015-11-12 05:29:19','2015-11-12 05:29:19','0000-00-00 00:00:00'),(468,331,2,1,125.00,'2015-11-12 05:37:04','2015-11-12 05:37:04','0000-00-00 00:00:00'),(469,332,2,1,125.00,'2015-11-12 05:40:48','2015-11-12 05:40:48','0000-00-00 00:00:00'),(470,333,4,1,125.00,'2015-11-12 05:47:13','2015-11-12 05:47:13','0000-00-00 00:00:00'),(471,334,2,1,125.00,'2015-11-12 05:49:55','2015-11-12 05:49:55','0000-00-00 00:00:00'),(472,335,2,1,125.00,'2015-11-12 05:53:10','2015-11-12 05:53:10','0000-00-00 00:00:00'),(473,336,2,1,125.00,'2015-11-12 05:57:31','2015-11-12 05:57:31','0000-00-00 00:00:00'),(474,337,2,1,125.00,'2015-11-12 05:59:18','2015-11-12 05:59:18','0000-00-00 00:00:00'),(475,338,2,1,125.00,'2015-11-12 06:02:47','2015-11-12 06:02:47','0000-00-00 00:00:00'),(476,339,2,1,125.00,'2015-11-12 06:06:08','2015-11-12 06:06:08','0000-00-00 00:00:00'),(477,340,1,1,125.00,'2015-11-12 06:08:20','2015-11-12 06:08:20','0000-00-00 00:00:00'),(478,341,2,1,125.00,'2015-11-12 06:10:33','2015-11-12 06:10:33','0000-00-00 00:00:00'),(479,342,1,1,125.00,'2015-11-12 06:37:16','2015-11-12 06:37:16','0000-00-00 00:00:00'),(480,343,2,1,125.00,'2015-11-12 06:44:29','2015-11-12 06:44:29','0000-00-00 00:00:00'),(481,344,2,1,125.00,'2015-11-12 06:58:45','2015-11-12 06:58:45','0000-00-00 00:00:00'),(482,345,2,1,125.00,'2015-11-12 06:59:56','2015-11-12 06:59:56','0000-00-00 00:00:00'),(483,346,2,1,125.00,'2015-11-12 07:05:53','2015-11-12 07:05:53','0000-00-00 00:00:00'),(484,347,2,1,125.00,'2015-11-12 07:08:43','2015-11-12 07:08:43','0000-00-00 00:00:00'),(485,348,1,1,125.00,'2015-11-12 07:17:59','2015-11-12 07:17:59','0000-00-00 00:00:00'),(486,349,2,1,125.00,'2015-11-12 07:25:24','2015-11-12 07:25:24','0000-00-00 00:00:00'),(487,350,2,1,125.00,'2015-11-12 07:39:28','2015-11-12 07:39:28','0000-00-00 00:00:00'),(488,351,2,1,125.00,'2015-11-12 07:40:50','2015-11-12 07:40:50','0000-00-00 00:00:00'),(489,352,2,1,125.00,'2015-11-12 07:43:21','2015-11-12 07:43:21','0000-00-00 00:00:00'),(490,353,2,1,125.00,'2015-11-12 07:46:57','2015-11-12 07:46:57','0000-00-00 00:00:00'),(491,354,2,1,125.00,'2015-11-12 07:52:10','2015-11-12 07:52:10','0000-00-00 00:00:00'),(492,355,2,1,125.00,'2015-11-12 08:57:11','2015-11-12 08:57:11','0000-00-00 00:00:00'),(493,356,2,1,125.00,'2015-11-12 08:57:51','2015-11-12 08:57:51','0000-00-00 00:00:00'),(494,357,2,1,125.00,'2015-11-12 09:37:28','2015-11-12 09:37:28','0000-00-00 00:00:00'),(495,358,2,1,125.00,'2015-11-12 09:38:17','2015-11-12 09:38:17','0000-00-00 00:00:00'),(496,359,1,1,125.00,'2015-11-12 09:38:34','2015-11-12 09:38:34','0000-00-00 00:00:00'),(497,360,2,1,125.00,'2015-11-12 09:39:36','2015-11-12 09:39:36','0000-00-00 00:00:00'),(498,361,0,0,0.00,'2015-11-12 14:28:49','2015-11-12 14:28:49','0000-00-00 00:00:00'),(499,362,0,0,0.00,'2015-11-12 14:28:50','2015-11-12 14:28:50','0000-00-00 00:00:00'),(500,363,2,1,125.00,'2015-11-12 14:28:58','2015-11-12 14:28:58','0000-00-00 00:00:00'),(501,364,0,0,0.00,'2015-11-12 14:31:44','2015-11-12 14:31:44','0000-00-00 00:00:00'),(502,365,0,0,0.00,'2015-11-12 14:31:45','2015-11-12 14:31:45','0000-00-00 00:00:00'),(503,366,0,0,0.00,'2015-11-12 14:31:50','2015-11-12 14:31:50','0000-00-00 00:00:00'),(504,367,2,1,125.00,'2015-11-12 14:31:55','2015-11-12 14:31:55','0000-00-00 00:00:00'),(505,368,2,1,125.00,'2015-11-12 14:42:30','2015-11-12 14:42:30','0000-00-00 00:00:00'),(506,369,0,0,0.00,'2015-11-12 14:42:42','2015-11-12 14:42:42','0000-00-00 00:00:00'),(507,370,0,0,0.00,'2015-11-12 14:42:44','2015-11-12 14:42:44','0000-00-00 00:00:00'),(508,371,2,1,125.00,'2015-11-13 03:25:21','2015-11-13 03:25:21','0000-00-00 00:00:00'),(509,372,2,1,125.00,'2015-11-13 03:25:30','2015-11-13 03:25:30','0000-00-00 00:00:00'),(510,373,2,1,125.00,'2015-11-13 03:25:32','2015-11-13 03:25:32','0000-00-00 00:00:00'),(511,374,2,1,125.00,'2015-11-13 03:26:26','2015-11-13 03:26:26','0000-00-00 00:00:00'),(512,375,0,0,0.00,'2015-11-13 03:29:06','2015-11-13 03:29:06','0000-00-00 00:00:00'),(513,376,2,1,125.00,'2015-11-13 03:29:17','2015-11-13 03:29:17','0000-00-00 00:00:00'),(514,377,2,1,125.00,'2015-11-13 03:29:28','2015-11-13 03:29:28','0000-00-00 00:00:00'),(515,378,2,1,125.00,'2015-11-13 03:29:44','2015-11-13 03:29:44','0000-00-00 00:00:00'),(516,379,0,0,0.00,'2015-11-13 03:31:17','2015-11-13 03:31:17','0000-00-00 00:00:00'),(517,380,0,0,0.00,'2015-11-13 03:31:19','2015-11-13 03:31:19','0000-00-00 00:00:00'),(518,381,0,0,0.00,'2015-11-13 03:31:20','2015-11-13 03:31:20','0000-00-00 00:00:00'),(519,382,2,1,125.00,'2015-11-13 03:31:25','2015-11-13 03:31:25','0000-00-00 00:00:00'),(520,383,0,0,0.00,'2015-11-13 03:31:42','2015-11-13 03:31:42','0000-00-00 00:00:00'),(521,384,0,0,0.00,'2015-11-13 03:31:44','2015-11-13 03:31:44','0000-00-00 00:00:00'),(522,385,0,0,0.00,'2015-11-13 03:31:45','2015-11-13 03:31:45','0000-00-00 00:00:00'),(523,386,0,0,0.00,'2015-11-13 03:33:25','2015-11-13 03:33:25','0000-00-00 00:00:00'),(524,387,2,1,125.00,'2015-11-13 03:33:30','2015-11-13 03:33:30','0000-00-00 00:00:00'),(525,388,2,1,125.00,'2015-11-13 03:33:53','2015-11-13 03:33:53','0000-00-00 00:00:00'),(526,389,2,1,125.00,'2015-11-13 03:34:22','2015-11-13 03:34:22','0000-00-00 00:00:00'),(527,390,2,1,125.00,'2015-11-13 03:34:42','2015-11-13 03:34:42','0000-00-00 00:00:00'),(528,391,2,3,125.00,'2015-11-13 03:37:30','2015-11-13 03:37:30','0000-00-00 00:00:00'),(529,392,1,2,125.00,'2015-11-13 03:37:53','2015-11-13 03:37:53','0000-00-00 00:00:00'),(530,393,2,1,125.00,'2015-11-13 03:54:06','2015-11-13 03:54:06','0000-00-00 00:00:00'),(531,394,2,1,125.00,'2015-11-13 04:06:00','2015-11-13 04:06:00','0000-00-00 00:00:00'),(532,395,2,1,125.00,'2015-11-13 04:11:05','2015-11-13 04:11:05','0000-00-00 00:00:00'),(533,396,1,1,125.00,'2015-11-13 04:38:24','2015-11-13 04:38:24','0000-00-00 00:00:00'),(534,397,2,1,125.00,'2015-11-13 04:38:48','2015-11-13 04:38:48','0000-00-00 00:00:00'),(535,398,2,1,125.00,'2015-11-13 04:39:57','2015-11-13 04:39:57','0000-00-00 00:00:00'),(536,399,2,1,125.00,'2015-11-13 04:54:48','2015-11-13 04:54:48','0000-00-00 00:00:00'),(537,400,1,6,125.00,'2015-11-13 07:31:52','2015-11-13 07:31:52','0000-00-00 00:00:00'),(538,401,2,2,125.00,'2015-11-13 07:33:07','2015-11-13 07:33:07','0000-00-00 00:00:00'),(539,402,2,2,125.00,'2015-11-13 07:35:50','2015-11-13 07:35:50','0000-00-00 00:00:00'),(540,403,2,1,125.00,'2015-11-13 09:43:44','2015-11-13 09:43:44','0000-00-00 00:00:00'),(541,404,2,1,125.00,'2015-11-13 09:52:22','2015-11-13 09:52:22','0000-00-00 00:00:00'),(542,405,2,1,125.00,'2015-11-13 09:56:30','2015-11-13 09:56:30','0000-00-00 00:00:00'),(543,406,2,1,125.00,'2015-11-13 10:02:27','2015-11-13 10:02:27','0000-00-00 00:00:00'),(544,407,2,1,125.00,'2015-11-13 10:26:54','2015-11-13 10:26:54','0000-00-00 00:00:00'),(545,408,2,1,125.00,'2015-11-13 10:40:33','2015-11-13 10:40:33','0000-00-00 00:00:00'),(546,409,1,1,125.00,'2015-11-13 10:41:29','2015-11-13 10:41:29','0000-00-00 00:00:00'),(547,410,2,1,125.00,'2015-11-13 11:34:04','2015-11-13 11:34:05','0000-00-00 00:00:00'),(548,411,2,1,125.00,'2015-11-13 11:36:43','2015-11-13 11:36:43','0000-00-00 00:00:00'),(549,412,2,1,125.00,'2015-11-13 12:15:38','2015-11-13 12:15:38','0000-00-00 00:00:00'),(550,413,2,1,125.00,'2015-11-13 17:48:39','2015-11-13 17:48:39','0000-00-00 00:00:00'),(551,414,2,1,125.00,'2015-11-13 19:14:40','2015-11-13 19:14:40','0000-00-00 00:00:00'),(552,415,2,1,125.00,'2015-11-14 06:21:56','2015-11-14 06:21:56','0000-00-00 00:00:00'),(553,416,4,1,125.00,'2015-11-14 06:26:10','2015-11-14 06:26:10','0000-00-00 00:00:00'),(554,417,1,1,125.00,'2015-11-14 06:26:55','2015-11-14 06:26:55','0000-00-00 00:00:00'),(555,418,2,1,125.00,'2015-11-14 06:28:20','2015-11-14 06:28:20','0000-00-00 00:00:00'),(556,419,1,2,125.00,'2015-11-14 07:39:28','2015-11-14 07:39:28','0000-00-00 00:00:00'),(557,420,3,1,125.00,'2015-11-14 08:13:54','2015-11-14 08:13:54','0000-00-00 00:00:00'),(558,421,2,1,125.00,'2015-11-14 08:14:14','2015-11-14 08:14:14','0000-00-00 00:00:00'),(559,422,2,1,125.00,'2015-11-14 08:14:50','2015-11-14 08:14:50','0000-00-00 00:00:00'),(560,423,3,1,125.00,'2015-11-17 09:10:36','2015-11-17 09:10:36','0000-00-00 00:00:00'),(561,424,1,1,125.00,'2015-11-19 13:12:26','2015-11-19 13:12:26','0000-00-00 00:00:00'),(562,424,2,1,125.00,'2015-11-19 13:12:26','2015-11-19 13:12:26','0000-00-00 00:00:00'),(563,424,3,1,125.00,'2015-11-19 13:12:26','2015-11-19 13:12:26','0000-00-00 00:00:00'),(564,424,4,1,125.00,'2015-11-19 13:12:26','2015-11-19 13:12:26','0000-00-00 00:00:00'),(565,424,5,1,80.00,'2015-11-19 13:12:26','2015-11-19 13:12:26','0000-00-00 00:00:00'),(566,425,1,1,125.00,'2015-11-24 05:04:19','2015-11-24 05:04:19','0000-00-00 00:00:00');
/*!40000 ALTER TABLE `order_item` ENABLE KEYS */;
UNLOCK TABLES;

--
-- Table structure for table `parcel`
--

DROP TABLE IF EXISTS `parcel`;
/*!40101 SET @saved_cs_client     = @@character_set_client */;
/*!40101 SET character_set_client = utf8 */;
CREATE TABLE `parcel` (
  `id` int(11) NOT NULL AUTO_INCREMENT,
  `min_kg` float NOT NULL,
  `max_kg` float NOT NULL,
  `price` int(11) NOT NULL,
  `type` int(11) NOT NULL,
  `deleted_at` date NOT NULL,
  PRIMARY KEY (`id`)
) ENGINE=InnoDB AUTO_INCREMENT=34 DEFAULT CHARSET=latin1;
/*!40101 SET character_set_client = @saved_cs_client */;

--
-- Dumping data for table `parcel`
--

LOCK TABLES `parcel` WRITE;
/*!40000 ALTER TABLE `parcel` DISABLE KEYS */;
INSERT INTO `parcel` VALUES (1,0,1,15,1,'0000-00-00'),(2,1,2,35,1,'0000-00-00'),(3,2,3,50,1,'0000-00-00'),(4,3,4,65,1,'0000-00-00'),(5,4,5,80,1,'0000-00-00'),(6,5,6,95,1,'0000-00-00'),(7,6,7,110,1,'0000-00-00'),(8,7,8,125,1,'0000-00-00'),(9,8,9,140,1,'0000-00-00'),(10,9,10,155,1,'0000-00-00'),(11,10,11,170,1,'0000-00-00'),(12,11,12,185,1,'0000-00-00'),(13,12,13,200,1,'0000-00-00'),(14,13,14,215,1,'0000-00-00'),(15,14,15,230,1,'0000-00-00'),(16,15,16,245,1,'0000-00-00'),(17,16,17,260,1,'0000-00-00'),(18,17,18,275,1,'0000-00-00'),(19,18,19,290,1,'0000-00-00'),(20,19,20,305,1,'0000-00-00'),(21,0,0.2,22,2,'0000-00-00'),(22,0.2,0.5,28,2,'0000-00-00'),(23,0.5,1,38,2,'0000-00-00'),(24,1,2,58,2,'0000-00-00'),(25,0.5,1,67,3,'0000-00-00'),(26,1,1.5,82,3,'0000-00-00'),(27,1.5,2,97,3,'0000-00-00'),(28,2,2.5,122,3,'0000-00-00'),(29,2.5,3,137,3,'0000-00-00'),(30,3,3.5,157,3,'0000-00-00'),(31,3.5,4,177,3,'0000-00-00'),(32,4,4.5,197,3,'0000-00-00'),(33,4.5,5,217,3,'0000-00-00');
/*!40000 ALTER TABLE `parcel` ENABLE KEYS */;
UNLOCK TABLES;

--
-- Table structure for table `product`
--

DROP TABLE IF EXISTS `product`;
/*!40101 SET @saved_cs_client     = @@character_set_client */;
/*!40101 SET character_set_client = utf8 */;
CREATE TABLE `product` (
  `id` int(10) unsigned NOT NULL AUTO_INCREMENT,
  `name` varchar(255) COLLATE utf8_unicode_ci NOT NULL,
  `stock` int(11) NOT NULL,
  `price` float(8,2) NOT NULL,
  `weight` int(11) NOT NULL,
  `category_id` int(11) NOT NULL,
  `created_at` datetime NOT NULL,
  `updated_at` datetime NOT NULL,
  `deleted_at` datetime NOT NULL,
  PRIMARY KEY (`id`)
) ENGINE=InnoDB AUTO_INCREMENT=7 DEFAULT CHARSET=utf8 COLLATE=utf8_unicode_ci;
/*!40101 SET character_set_client = @saved_cs_client */;

--
-- Dumping data for table `product`
--

LOCK TABLES `product` WRITE;
/*!40000 ALTER TABLE `product` DISABLE KEYS */;
INSERT INTO `product` VALUES (1,'Black Folk Rice',-57,125.00,700,1,'2015-10-07 15:40:19','2015-11-24 05:04:19','0000-00-00 00:00:00'),(2,'Red Folk Rice',-170,125.00,700,1,'2015-10-07 15:40:19','2015-11-19 13:12:26','0000-00-00 00:00:00'),(3,'Brown Folk Rice',64,125.00,700,1,'2015-10-07 15:40:19','2015-11-19 13:12:26','0000-00-00 00:00:00'),(4,'White Folk Rice',56,125.00,700,1,'2015-10-07 15:40:19','2015-11-19 13:12:26','0000-00-00 00:00:00'),(5,'Chinto Riceberry',90,80.00,1000,3,'2015-10-07 15:40:19','2015-11-19 13:12:26','0000-00-00 00:00:00'),(6,'Veda San Ta Ra',-42,75.00,900,4,'2015-10-07 15:40:19','2015-11-11 07:28:23','0000-00-00 00:00:00');
/*!40000 ALTER TABLE `product` ENABLE KEYS */;
UNLOCK TABLES;
/*!40103 SET TIME_ZONE=@OLD_TIME_ZONE */;

/*!40101 SET SQL_MODE=@OLD_SQL_MODE */;
/*!40014 SET FOREIGN_KEY_CHECKS=@OLD_FOREIGN_KEY_CHECKS */;
/*!40014 SET UNIQUE_CHECKS=@OLD_UNIQUE_CHECKS */;
/*!40101 SET CHARACTER_SET_CLIENT=@OLD_CHARACTER_SET_CLIENT */;
/*!40101 SET CHARACTER_SET_RESULTS=@OLD_CHARACTER_SET_RESULTS */;
/*!40101 SET COLLATION_CONNECTION=@OLD_COLLATION_CONNECTION */;
/*!40111 SET SQL_NOTES=@OLD_SQL_NOTES */;

-- Dump completed on 2015-11-24 22:43:34
